Programme_Title,Original_DateTime,Show_DateTime,Venue,Category,Latitude,Longitude
Oldies Concert,"1 Jan 2019 (Tue) 3:00pm, 7:00pm",2019-01-01 15:00pm,Tai Po Civic Centre (Auditorium),Cultural Presentations & Film - Pop Concerts,22.4532,114.171
Oldies Concert,"1 Jan 2019 (Tue) 3:00pm, 7:00pm",2019-01-01 19:00pm,Tai Po Civic Centre (Auditorium),Cultural Presentations & Film - Pop Concerts,22.4532,114.171
AXA presents My Love Andy Lau World Tour ‧ Hong Kong 2018 (Shows on 28th Dec 2018 to 3rd Jan 2019 are Cancelled),"15 - 30 Dec 2018 (Sat -Sun) 8:15pm, 31 Dec 2018 (Mon) 9:30pm, 1 - 3 Jan 2019 (Tue - Thu) 8:15pm",2019-01-01 20:15pm,Hong Kong Coliseum (Arena),Cultural Presentations & Film - Pop Concerts,22.3019,114.1823
AXA presents My Love Andy Lau World Tour ‧ Hong Kong 2018 (Shows on 28th Dec 2018 to 3rd Jan 2019 are Cancelled),"15 - 30 Dec 2018 (Sat -Sun) 8:15pm, 31 Dec 2018 (Mon) 9:30pm, 1 - 3 Jan 2019 (Tue - Thu) 8:15pm",2019-01-01 20:15pm,Hong Kong Coliseum (Arena),Cultural Presentations & Film - Pop Concerts,22.3019,114.1823
AXA presents My Love Andy Lau World Tour ‧ Hong Kong 2018 (Shows on 28th Dec 2018 to 3rd Jan 2019 are Cancelled),"15 - 30 Dec 2018 (Sat -Sun) 8:15pm, 31 Dec 2018 (Mon) 9:30pm, 1 - 3 Jan 2019 (Tue - Thu) 8:15pm",2019-01-01 21:30pm,Hong Kong Coliseum (Arena),Cultural Presentations & Film - Pop Concerts,22.3019,114.1823
AXA presents My Love Andy Lau World Tour ‧ Hong Kong 2018 (Shows on 28th Dec 2018 to 3rd Jan 2019 are Cancelled),"15 - 30 Dec 2018 (Sat -Sun) 8:15pm, 31 Dec 2018 (Mon) 9:30pm, 1 - 3 Jan 2019 (Tue - Thu) 8:15pm",2019-01-02 20:15pm,Hong Kong Coliseum (Arena),Cultural Presentations & Film - Pop Concerts,22.3019,114.1823
AXA presents My Love Andy Lau World Tour ‧ Hong Kong 2018 (Shows on 28th Dec 2018 to 3rd Jan 2019 are Cancelled),"15 - 30 Dec 2018 (Sat -Sun) 8:15pm, 31 Dec 2018 (Mon) 9:30pm, 1 - 3 Jan 2019 (Tue - Thu) 8:15pm",2019-01-02 20:15pm,Hong Kong Coliseum (Arena),Cultural Presentations & Film - Pop Concerts,22.3019,114.1823
AXA presents My Love Andy Lau World Tour ‧ Hong Kong 2018 (Shows on 28th Dec 2018 to 3rd Jan 2019 are Cancelled),"15 - 30 Dec 2018 (Sat -Sun) 8:15pm, 31 Dec 2018 (Mon) 9:30pm, 1 - 3 Jan 2019 (Tue - Thu) 8:15pm",2019-01-02 21:30pm,Hong Kong Coliseum (Arena),Cultural Presentations & Film - Pop Concerts,22.3019,114.1823
Pop Concert,2 Jan 2019 (Wed) 7:15pm,2019-01-02 7:15pm,Ngau Chi Wan Civic Centre (Theatre),Cultural Presentations & Film - Pop Concerts,22.314,114.229
AXA presents My Love Andy Lau World Tour ‧ Hong Kong 2018 (Shows on 28th Dec 2018 to 3rd Jan 2019 are Cancelled),"15 - 30 Dec 2018 (Sat -Sun) 8:15pm, 31 Dec 2018 (Mon) 9:30pm, 1 - 3 Jan 2019 (Tue - Thu) 8:15pm",2019-01-03 20:15pm,Hong Kong Coliseum (Arena),Cultural Presentations & Film - Pop Concerts,22.3019,114.1823
AXA presents My Love Andy Lau World Tour ‧ Hong Kong 2018 (Shows on 28th Dec 2018 to 3rd Jan 2019 are Cancelled),"15 - 30 Dec 2018 (Sat -Sun) 8:15pm, 31 Dec 2018 (Mon) 9:30pm, 1 - 3 Jan 2019 (Tue - Thu) 8:15pm",2019-01-03 20:15pm,Hong Kong Coliseum (Arena),Cultural Presentations & Film - Pop Concerts,22.3019,114.1823
AXA presents My Love Andy Lau World Tour ‧ Hong Kong 2018 (Shows on 28th Dec 2018 to 3rd Jan 2019 are Cancelled),"15 - 30 Dec 2018 (Sat -Sun) 8:15pm, 31 Dec 2018 (Mon) 9:30pm, 1 - 3 Jan 2019 (Tue - Thu) 8:15pm",2019-01-03 21:30pm,Hong Kong Coliseum (Arena),Cultural Presentations & Film - Pop Concerts,22.3019,114.1823
Oldies Concert,3 Jan 2019 (Thu) 7:15pm,2019-01-03 7:15pm,Ko Shan Theatre (New Wing Auditorium),Cultural Presentations & Film - Pop Concerts,22.3376,114.1938
UKK In Concert,5 Jan 2019 (Sat) 2:45pm,2019-01-05 2:45pm,Ngau Chi Wan Civic Centre (Cultural Activities Hall),Cultural Presentations & Film - Pop Concerts,22.314,114.229
Pop Concert,5 Jan 2019 (Sat) 7:30pm,2019-01-05 7:30pm,Ngau Chi Wan Civic Centre (Theatre),Cultural Presentations & Film - Pop Concerts,22.314,114.229
YF Life PRETTY CRAZY Joey Yung Concert Tour,"5-11, 13-18, 20-24 Aug 2019 (Mon-Sat) 8:15pm",2019-01-05 8:00pm,Hong Kong Coliseum (Arena),Cultural Presentations & Film - Pop Concerts,22.3019,114.1823
YF Life PRETTY CRAZY Joey Yung Concert Tour,"5-11, 13-18, 20-24 Aug 2019 (Mon-Sat) 8:15pm",2019-01-06 8:00pm,Hong Kong Coliseum (Arena),Cultural Presentations & Film - Pop Concerts,22.3019,114.1823
YF Life PRETTY CRAZY Joey Yung Concert Tour,"5-11, 13-18, 20-24 Aug 2019 (Mon-Sat) 8:15pm",2019-01-07 8:00pm,Hong Kong Coliseum (Arena),Cultural Presentations & Film - Pop Concerts,22.3019,114.1823
YF Life PRETTY CRAZY Joey Yung Concert Tour,"5-11, 13-18, 20-24 Aug 2019 (Mon-Sat) 8:15pm",2019-01-08 8:00pm,Hong Kong Coliseum (Arena),Cultural Presentations & Film - Pop Concerts,22.3019,114.1823
Pop Concert,9 Jan 2019 (Wed) 7:00pm,2019-01-09 7:00pm,Tai Po Civic Centre (Auditorium),Cultural Presentations & Film - Pop Concerts,22.4532,114.171
YF Life PRETTY CRAZY Joey Yung Concert Tour,"5-11, 13-18, 20-24 Aug 2019 (Mon-Sat) 8:15pm",2019-01-09 8:00pm,Hong Kong Coliseum (Arena),Cultural Presentations & Film - Pop Concerts,22.3019,114.1823
FWD Fear And Dreams Eason Chan In Concert 19/20 (Programme cancelled),"9-12, 14-17, 19-22, 24-27, 29-30, 31 December 2019 (9:30pm), 1 January 2020",2019-01-09 8:00pm,Hong Kong Coliseum (Arena),Cultural Presentations & Film - Pop Concerts,22.3019,114.1823
Pop Concert,9 Jan 2019 (Wed) 8:15pm,2019-01-09 8:15pm,Sai Wan Ho Civic Centre (Cultural Activities Hall),Cultural Presentations & Film - Pop Concerts,22.281,114.203
Oldies Concert,10 Jan 2019 (Thu) 7:00pm,2019-01-10 7:00pm,Tai Po Civic Centre (Auditorium),Cultural Presentations & Film - Pop Concerts,22.4532,114.171
FWD Fear And Dreams Eason Chan In Concert 19/20 (Programme cancelled),"9-12, 14-17, 19-22, 24-27, 29-30, 31 December 2019 (9:30pm), 1 January 2020",2019-01-10 8:00pm,Hong Kong Coliseum (Arena),Cultural Presentations & Film - Pop Concerts,22.3019,114.1823
YF Life PRETTY CRAZY Joey Yung Concert Tour,"5-11, 13-18, 20-24 Aug 2019 (Mon-Sat) 8:15pm",2019-01-10 8:00pm,Hong Kong Coliseum (Arena),Cultural Presentations & Film - Pop Concerts,22.3019,114.1823
FWD Fear And Dreams Eason Chan In Concert 19/20 (Programme cancelled),"9-12, 14-17, 19-22, 24-27, 29-30, 31 December 2019 (9:30pm), 1 January 2020",2019-01-11 8:00pm,Hong Kong Coliseum (Arena),Cultural Presentations & Film - Pop Concerts,22.3019,114.1823
FWD Insurance presents Jacky Cheung A Classic Tour - Finale‧Hong Kong,"11-13 (Fri-Sun), 15-17 (Tue - Thu), 19-21 (Sat-Mon), 23-25(Wed-Fri), 27-29 (Sun-Tue) Jan 2019 8:15pm",2019-01-11 8:00pm,Hong Kong Coliseum (Arena),Cultural Presentations & Film - Pop Concerts,22.3019,114.1823
YF Life PRETTY CRAZY Joey Yung Concert Tour,"5-11, 13-18, 20-24 Aug 2019 (Mon-Sat) 8:15pm",2019-01-11 8:00pm,Hong Kong Coliseum (Arena),Cultural Presentations & Film - Pop Concerts,22.3019,114.1823
FWD Fear And Dreams Eason Chan In Concert 19/20 (Programme cancelled),"9-12, 14-17, 19-22, 24-27, 29-30, 31 December 2019 (9:30pm), 1 January 2020",2019-01-12 8:00pm,Hong Kong Coliseum (Arena),Cultural Presentations & Film - Pop Concerts,22.3019,114.1823
AXA Presents #FOLLOWMi Sammi Cheng World Tour - Hong Kong 2019,"12-16, 18-21, 23-24, 26-27 Jul 2019 (Fri-Sat) 8:15pm",2019-01-12 8:00pm,Hong Kong Coliseum (Arena),Cultural Presentations & Film - Pop Concerts,22.3019,114.1823
FWD Insurance presents Jacky Cheung A Classic Tour - Finale‧Hong Kong,"11-13 (Fri-Sun), 15-17 (Tue - Thu), 19-21 (Sat-Mon), 23-25(Wed-Fri), 27-29 (Sun-Tue) Jan 2019 8:15pm",2019-01-12 8:00pm,Hong Kong Coliseum (Arena),Cultural Presentations & Film - Pop Concerts,22.3019,114.1823
AXA Presents #FOLLOWMi Sammi Cheng World Tour - Hong Kong 2019,"12-16, 18-21, 23-24, 26-27 Jul 2019 (Fri-Sat) 8:15pm",2019-01-13 8:00pm,Hong Kong Coliseum (Arena),Cultural Presentations & Film - Pop Concerts,22.3019,114.1823
YF Life PRETTY CRAZY Joey Yung Concert Tour,"5-11, 13-18, 20-24 Aug 2019 (Mon-Sat) 8:15pm",2019-01-13 8:00pm,Hong Kong Coliseum (Arena),Cultural Presentations & Film - Pop Concerts,22.3019,114.1823
FWD Insurance presents Jacky Cheung A Classic Tour - Finale‧Hong Kong,"11-13 (Fri-Sun), 15-17 (Tue - Thu), 19-21 (Sat-Mon), 23-25(Wed-Fri), 27-29 (Sun-Tue) Jan 2019 8:15pm",2019-01-13 8:00pm,Hong Kong Coliseum (Arena),Cultural Presentations & Film - Pop Concerts,22.3019,114.1823
FWD Fear And Dreams Eason Chan In Concert 19/20 (Programme cancelled),"9-12, 14-17, 19-22, 24-27, 29-30, 31 December 2019 (9:30pm), 1 January 2020",2019-01-14 8:00pm,Hong Kong Coliseum (Arena),Cultural Presentations & Film - Pop Concerts,22.3019,114.1823
YF Life PRETTY CRAZY Joey Yung Concert Tour,"5-11, 13-18, 20-24 Aug 2019 (Mon-Sat) 8:15pm",2019-01-14 8:00pm,Hong Kong Coliseum (Arena),Cultural Presentations & Film - Pop Concerts,22.3019,114.1823
AXA Presents #FOLLOWMi Sammi Cheng World Tour - Hong Kong 2019,"12-16, 18-21, 23-24, 26-27 Jul 2019 (Fri-Sat) 8:15pm",2019-01-14 8:00pm,Hong Kong Coliseum (Arena),Cultural Presentations & Film - Pop Concerts,22.3019,114.1823
FWD Fear And Dreams Eason Chan In Concert 19/20 (Programme cancelled),"9-12, 14-17, 19-22, 24-27, 29-30, 31 December 2019 (9:30pm), 1 January 2020",2019-01-15 8:00pm,Hong Kong Coliseum (Arena),Cultural Presentations & Film - Pop Concerts,22.3019,114.1823
YF Life PRETTY CRAZY Joey Yung Concert Tour,"5-11, 13-18, 20-24 Aug 2019 (Mon-Sat) 8:15pm",2019-01-15 8:00pm,Hong Kong Coliseum (Arena),Cultural Presentations & Film - Pop Concerts,22.3019,114.1823
FWD Insurance presents Jacky Cheung A Classic Tour - Finale‧Hong Kong,"11-13 (Fri-Sun), 15-17 (Tue - Thu), 19-21 (Sat-Mon), 23-25(Wed-Fri), 27-29 (Sun-Tue) Jan 2019 8:15pm",2019-01-15 8:00pm,Hong Kong Coliseum (Arena),Cultural Presentations & Film - Pop Concerts,22.3019,114.1823
AXA Presents #FOLLOWMi Sammi Cheng World Tour - Hong Kong 2019,"12-16, 18-21, 23-24, 26-27 Jul 2019 (Fri-Sat) 8:15pm",2019-01-15 8:00pm,Hong Kong Coliseum (Arena),Cultural Presentations & Film - Pop Concerts,22.3019,114.1823
YF Life PRETTY CRAZY Joey Yung Concert Tour,"5-11, 13-18, 20-24 Aug 2019 (Mon-Sat) 8:15pm",2019-01-16 8:00pm,Hong Kong Coliseum (Arena),Cultural Presentations & Film - Pop Concerts,22.3019,114.1823
FWD Insurance presents Jacky Cheung A Classic Tour - Finale‧Hong Kong,"11-13 (Fri-Sun), 15-17 (Tue - Thu), 19-21 (Sat-Mon), 23-25(Wed-Fri), 27-29 (Sun-Tue) Jan 2019 8:15pm",2019-01-16 8:00pm,Hong Kong Coliseum (Arena),Cultural Presentations & Film - Pop Concerts,22.3019,114.1823
AXA Presents #FOLLOWMi Sammi Cheng World Tour - Hong Kong 2019,"12-16, 18-21, 23-24, 26-27 Jul 2019 (Fri-Sat) 8:15pm",2019-01-16 8:00pm,Hong Kong Coliseum (Arena),Cultural Presentations & Film - Pop Concerts,22.3019,114.1823
FWD Fear And Dreams Eason Chan In Concert 19/20 (Programme cancelled),"9-12, 14-17, 19-22, 24-27, 29-30, 31 December 2019 (9:30pm), 1 January 2020",2019-01-16 8:00pm,Hong Kong Coliseum (Arena),Cultural Presentations & Film - Pop Concerts,22.3019,114.1823
FWD Insurance presents Jacky Cheung A Classic Tour - Finale‧Hong Kong,"11-13 (Fri-Sun), 15-17 (Tue - Thu), 19-21 (Sat-Mon), 23-25(Wed-Fri), 27-29 (Sun-Tue) Jan 2019 8:15pm",2019-01-17 8:00pm,Hong Kong Coliseum (Arena),Cultural Presentations & Film - Pop Concerts,22.3019,114.1823
FWD Fear And Dreams Eason Chan In Concert 19/20 (Programme cancelled),"9-12, 14-17, 19-22, 24-27, 29-30, 31 December 2019 (9:30pm), 1 January 2020",2019-01-17 8:00pm,Hong Kong Coliseum (Arena),Cultural Presentations & Film - Pop Concerts,22.3019,114.1823
YF Life PRETTY CRAZY Joey Yung Concert Tour,"5-11, 13-18, 20-24 Aug 2019 (Mon-Sat) 8:15pm",2019-01-17 8:00pm,Hong Kong Coliseum (Arena),Cultural Presentations & Film - Pop Concerts,22.3019,114.1823
YF Life PRETTY CRAZY Joey Yung Concert Tour,"5-11, 13-18, 20-24 Aug 2019 (Mon-Sat) 8:15pm",2019-01-18 8:00pm,Hong Kong Coliseum (Arena),Cultural Presentations & Film - Pop Concerts,22.3019,114.1823
AXA Presents #FOLLOWMi Sammi Cheng World Tour - Hong Kong 2019,"12-16, 18-21, 23-24, 26-27 Jul 2019 (Fri-Sat) 8:15pm",2019-01-18 8:00pm,Hong Kong Coliseum (Arena),Cultural Presentations & Film - Pop Concerts,22.3019,114.1823
Pop Concert,19 Jan 2019 (Sat) 7:15pm,2019-01-19 7:15pm,Sai Wan Ho Civic Centre (Cultural Activities Hall),Cultural Presentations & Film - Pop Concerts,22.281,114.203
FWD Fear And Dreams Eason Chan In Concert 19/20 (Programme cancelled),"9-12, 14-17, 19-22, 24-27, 29-30, 31 December 2019 (9:30pm), 1 January 2020",2019-01-19 8:00pm,Hong Kong Coliseum (Arena),Cultural Presentations & Film - Pop Concerts,22.3019,114.1823
FWD Insurance presents Jacky Cheung A Classic Tour - Finale‧Hong Kong,"11-13 (Fri-Sun), 15-17 (Tue - Thu), 19-21 (Sat-Mon), 23-25(Wed-Fri), 27-29 (Sun-Tue) Jan 2019 8:15pm",2019-01-19 8:00pm,Hong Kong Coliseum (Arena),Cultural Presentations & Film - Pop Concerts,22.3019,114.1823
AXA Presents #FOLLOWMi Sammi Cheng World Tour - Hong Kong 2019,"12-16, 18-21, 23-24, 26-27 Jul 2019 (Fri-Sat) 8:15pm",2019-01-19 8:00pm,Hong Kong Coliseum (Arena),Cultural Presentations & Film - Pop Concerts,22.3019,114.1823
NG Junior Talent Show 2019,20 Jan 2019 (Sun) 3:00pm,2019-01-20 3:00pm,Sai Wan Ho Civic Centre (Cultural Activities Hall),Cultural Presentations & Film - Pop Concerts,22.281,114.203
Pop Concert,20 Jan 2019 (Sun) 7:15pm,2019-01-20 7:15pm,Sai Wan Ho Civic Centre (Cultural Activities Hall),Cultural Presentations & Film - Pop Concerts,22.281,114.203
AXA Presents #FOLLOWMi Sammi Cheng World Tour - Hong Kong 2019,"12-16, 18-21, 23-24, 26-27 Jul 2019 (Fri-Sat) 8:15pm",2019-01-20 8:00pm,Hong Kong Coliseum (Arena),Cultural Presentations & Film - Pop Concerts,22.3019,114.1823
FWD Fear And Dreams Eason Chan In Concert 19/20 (Programme cancelled),"9-12, 14-17, 19-22, 24-27, 29-30, 31 December 2019 (9:30pm), 1 January 2020",2019-01-20 8:00pm,Hong Kong Coliseum (Arena),Cultural Presentations & Film - Pop Concerts,22.3019,114.1823
FWD Insurance presents Jacky Cheung A Classic Tour - Finale‧Hong Kong,"11-13 (Fri-Sun), 15-17 (Tue - Thu), 19-21 (Sat-Mon), 23-25(Wed-Fri), 27-29 (Sun-Tue) Jan 2019 8:15pm",2019-01-20 8:00pm,Hong Kong Coliseum (Arena),Cultural Presentations & Film - Pop Concerts,22.3019,114.1823
Winnie & Peter Happy Party Live Band Show,21 Jan 2019 (Mon) 7:15pm,2019-01-21 7:15pm,Sai Wan Ho Civic Centre (Cultural Activities Hall),Cultural Presentations & Film - Pop Concerts,22.281,114.203
AXA Presents #FOLLOWMi Sammi Cheng World Tour - Hong Kong 2019,"12-16, 18-21, 23-24, 26-27 Jul 2019 (Fri-Sat) 8:15pm",2019-01-21 8:00pm,Hong Kong Coliseum (Arena),Cultural Presentations & Film - Pop Concerts,22.3019,114.1823
FWD Insurance presents Jacky Cheung A Classic Tour - Finale‧Hong Kong,"11-13 (Fri-Sun), 15-17 (Tue - Thu), 19-21 (Sat-Mon), 23-25(Wed-Fri), 27-29 (Sun-Tue) Jan 2019 8:15pm",2019-01-21 8:00pm,Hong Kong Coliseum (Arena),Cultural Presentations & Film - Pop Concerts,22.3019,114.1823
FWD Fear And Dreams Eason Chan In Concert 19/20 (Programme cancelled),"9-12, 14-17, 19-22, 24-27, 29-30, 31 December 2019 (9:30pm), 1 January 2020",2019-01-21 8:00pm,Hong Kong Coliseum (Arena),Cultural Presentations & Film - Pop Concerts,22.3019,114.1823
FWD Fear And Dreams Eason Chan In Concert 19/20 (Programme cancelled),"9-12, 14-17, 19-22, 24-27, 29-30, 31 December 2019 (9:30pm), 1 January 2020",2019-01-22 8:00pm,Hong Kong Coliseum (Arena),Cultural Presentations & Film - Pop Concerts,22.3019,114.1823
FWD Insurance presents Jacky Cheung A Classic Tour - Finale‧Hong Kong,"11-13 (Fri-Sun), 15-17 (Tue - Thu), 19-21 (Sat-Mon), 23-25(Wed-Fri), 27-29 (Sun-Tue) Jan 2019 8:15pm",2019-01-23 8:00pm,Hong Kong Coliseum (Arena),Cultural Presentations & Film - Pop Concerts,22.3019,114.1823
AXA Presents #FOLLOWMi Sammi Cheng World Tour - Hong Kong 2019,"12-16, 18-21, 23-24, 26-27 Jul 2019 (Fri-Sat) 8:15pm",2019-01-23 8:00pm,Hong Kong Coliseum (Arena),Cultural Presentations & Film - Pop Concerts,22.3019,114.1823
FWD Fear And Dreams Eason Chan In Concert 19/20 (Programme cancelled),"9-12, 14-17, 19-22, 24-27, 29-30, 31 December 2019 (9:30pm), 1 January 2020",2019-01-24 8:00pm,Hong Kong Coliseum (Arena),Cultural Presentations & Film - Pop Concerts,22.3019,114.1823
AXA Presents #FOLLOWMi Sammi Cheng World Tour - Hong Kong 2019,"12-16, 18-21, 23-24, 26-27 Jul 2019 (Fri-Sat) 8:15pm",2019-01-24 8:00pm,Hong Kong Coliseum (Arena),Cultural Presentations & Film - Pop Concerts,22.3019,114.1823
FWD Insurance presents Jacky Cheung A Classic Tour - Finale‧Hong Kong,"11-13 (Fri-Sun), 15-17 (Tue - Thu), 19-21 (Sat-Mon), 23-25(Wed-Fri), 27-29 (Sun-Tue) Jan 2019 8:15pm",2019-01-24 8:00pm,Hong Kong Coliseum (Arena),Cultural Presentations & Film - Pop Concerts,22.3019,114.1823
Oldies Concert,25 Jan 2019 (Fri) 7:00pm,2019-01-25 7:00pm,Tai Po Civic Centre (Auditorium),Cultural Presentations & Film - Pop Concerts,22.4532,114.171
FWD Insurance presents Jacky Cheung A Classic Tour - Finale‧Hong Kong,"11-13 (Fri-Sun), 15-17 (Tue - Thu), 19-21 (Sat-Mon), 23-25(Wed-Fri), 27-29 (Sun-Tue) Jan 2019 8:15pm",2019-01-25 8:00pm,Hong Kong Coliseum (Arena),Cultural Presentations & Film - Pop Concerts,22.3019,114.1823
FWD Fear And Dreams Eason Chan In Concert 19/20 (Programme cancelled),"9-12, 14-17, 19-22, 24-27, 29-30, 31 December 2019 (9:30pm), 1 January 2020",2019-01-25 8:00pm,Hong Kong Coliseum (Arena),Cultural Presentations & Film - Pop Concerts,22.3019,114.1823
Oldies Concert,26 Jan 2019 (Sat) 7:00pm,2019-01-26 7:00pm,Tai Po Civic Centre (Auditorium),Cultural Presentations & Film - Pop Concerts,22.4532,114.171
FWD Fear And Dreams Eason Chan In Concert 19/20 (Programme cancelled),"9-12, 14-17, 19-22, 24-27, 29-30, 31 December 2019 (9:30pm), 1 January 2020",2019-01-26 8:00pm,Hong Kong Coliseum (Arena),Cultural Presentations & Film - Pop Concerts,22.3019,114.1823
FWD Fear And Dreams Eason Chan In Concert 19/20 (Programme cancelled),"9-12, 14-17, 19-22, 24-27, 29-30, 31 December 2019 (9:30pm), 1 January 2020",2019-01-27 8:00pm,Hong Kong Coliseum (Arena),Cultural Presentations & Film - Pop Concerts,22.3019,114.1823
FWD Insurance presents Jacky Cheung A Classic Tour - Finale‧Hong Kong,"11-13 (Fri-Sun), 15-17 (Tue - Thu), 19-21 (Sat-Mon), 23-25(Wed-Fri), 27-29 (Sun-Tue) Jan 2019 8:15pm",2019-01-27 8:15pm,Hong Kong Coliseum (Arena),Cultural Presentations & Film - Pop Concerts,22.3019,114.1823
Raymond Young’s Forever Young Concert,28-29 January 2019 (Mon-Tue) 8pm,2019-01-28 8:00pm,Hong Kong City Hall (Concert Hall),Cultural Presentations & Film - Pop Concerts,22.2817,114.1583
FWD Insurance presents Jacky Cheung A Classic Tour - Finale‧Hong Kong,"11-13 (Fri-Sun), 15-17 (Tue - Thu), 19-21 (Sat-Mon), 23-25(Wed-Fri), 27-29 (Sun-Tue) Jan 2019 8:15pm",2019-01-28 8:15pm,Hong Kong Coliseum (Arena),Cultural Presentations & Film - Pop Concerts,22.3019,114.1823
Raymond Young’s Forever Young Concert,28-29 January 2019 (Mon-Tue) 8pm,2019-01-29 8:00pm,Hong Kong City Hall (Concert Hall),Cultural Presentations & Film - Pop Concerts,22.2817,114.1583
FWD Fear And Dreams Eason Chan In Concert 19/20 (Programme cancelled),"9-12, 14-17, 19-22, 24-27, 29-30, 31 December 2019 (9:30pm), 1 January 2020",2019-01-29 8:00pm,Hong Kong Coliseum (Arena),Cultural Presentations & Film - Pop Concerts,22.3019,114.1823
FWD Insurance presents Jacky Cheung A Classic Tour - Finale‧Hong Kong,"11-13 (Fri-Sun), 15-17 (Tue - Thu), 19-21 (Sat-Mon), 23-25(Wed-Fri), 27-29 (Sun-Tue) Jan 2019 8:15pm",2019-01-29 8:15pm,Hong Kong Coliseum (Arena),Cultural Presentations & Film - Pop Concerts,22.3019,114.1823
FWD Fear And Dreams Eason Chan In Concert 19/20 (Programme cancelled),"9-12, 14-17, 19-22, 24-27, 29-30, 31 December 2019 (9:30pm), 1 January 2020",2019-01-30 8:00pm,Hong Kong Coliseum (Arena),Cultural Presentations & Film - Pop Concerts,22.3019,114.1823
Oldies Concert,"31 Jan 2019 (Thu) 2:00pm, 7:00pm",2019-01-31 14:00pm,North District Town Hall (Auditorium),Cultural Presentations & Film - Pop Concerts,22.498,114.128
Oldies Concert,"31 Jan 2019 (Thu) 2:00pm, 7:00pm",2019-01-31 19:00pm,North District Town Hall (Auditorium),Cultural Presentations & Film - Pop Concerts,22.498,114.128
Oldies Concert,2 Feb 2019 (Sat) 2:15pm & 7:15pm,2019-02-02 2:15pm,Ko Shan Theatre (New Wing Auditorium),Cultural Presentations & Film - Pop Concerts,22.3376,114.1938
Oldies Concert,2 Feb 2019 (Sat) 2:15pm & 7:15pm,2019-02-02 7:15pm,Ko Shan Theatre (New Wing Auditorium),Cultural Presentations & Film - Pop Concerts,22.3376,114.1938
Pop Concert,3 Feb 2019 (Sun) 2:15pm,2019-02-03 2:15pm,Ngau Chi Wan Civic Centre (Theatre),Cultural Presentations & Film - Pop Concerts,22.314,114.229
Starry Starry Night,3 Feb 2019 (Sun) 8:00pm,2019-02-03 8:00pm,Sai Wan Ho Civic Centre (Theatre),Cultural Presentations & Film - Pop Concerts,22.281,114.203
FWD presents Ronald Cheng ONE MORE TIME World Tour Live – Hong Kong,"4 & 6 Feb 2019 (Mon & Wed) 9:30pm, 5 & 8 Feb 2019 (Tue & Fri) 8:15pm",2019-02-04 20:15pm,Hong Kong Coliseum (Arena),Cultural Presentations & Film - Pop Concerts,22.3019,114.1823
FWD presents Ronald Cheng ONE MORE TIME World Tour Live – Hong Kong,"4 & 6 Feb 2019 (Mon & Wed) 9:30pm, 5 & 8 Feb 2019 (Tue & Fri) 8:15pm",2019-02-04 21:30pm,Hong Kong Coliseum (Arena),Cultural Presentations & Film - Pop Concerts,22.3019,114.1823
FWD presents Ronald Cheng ONE MORE TIME World Tour Live – Hong Kong,"4 & 6 Feb 2019 (Mon & Wed) 9:30pm, 5 & 8 Feb 2019 (Tue & Fri) 8:15pm",2019-02-05 20:15pm,Hong Kong Coliseum (Arena),Cultural Presentations & Film - Pop Concerts,22.3019,114.1823
FWD presents Ronald Cheng ONE MORE TIME World Tour Live – Hong Kong,"4 & 6 Feb 2019 (Mon & Wed) 9:30pm, 5 & 8 Feb 2019 (Tue & Fri) 8:15pm",2019-02-05 21:30pm,Hong Kong Coliseum (Arena),Cultural Presentations & Film - Pop Concerts,22.3019,114.1823
FWD presents Ronald Cheng ONE MORE TIME World Tour Live – Hong Kong,"4 & 6 Feb 2019 (Mon & Wed) 9:30pm, 5 & 8 Feb 2019 (Tue & Fri) 8:15pm",2019-02-06 20:15pm,Hong Kong Coliseum (Arena),Cultural Presentations & Film - Pop Concerts,22.3019,114.1823
FWD presents Ronald Cheng ONE MORE TIME World Tour Live – Hong Kong,"4 & 6 Feb 2019 (Mon & Wed) 9:30pm, 5 & 8 Feb 2019 (Tue & Fri) 8:15pm",2019-02-06 21:30pm,Hong Kong Coliseum (Arena),Cultural Presentations & Film - Pop Concerts,22.3019,114.1823
Oldies Concert,7 Feb 2019 (Thu) 7:00pm,2019-02-07 7:00pm,Sha Tin Town Hall (Cultural Activities Hall),Cultural Presentations & Film - Pop Concerts,22.381,114.189
FWD presents Ronald Cheng ONE MORE TIME World Tour Live – Hong Kong,"4 & 6 Feb 2019 (Mon & Wed) 9:30pm, 5 & 8 Feb 2019 (Tue & Fri) 8:15pm",2019-02-08 20:15pm,Hong Kong Coliseum (Arena),Cultural Presentations & Film - Pop Concerts,22.3019,114.1823
FWD presents Ronald Cheng ONE MORE TIME World Tour Live – Hong Kong,"4 & 6 Feb 2019 (Mon & Wed) 9:30pm, 5 & 8 Feb 2019 (Tue & Fri) 8:15pm",2019-02-08 21:30pm,Hong Kong Coliseum (Arena),Cultural Presentations & Film - Pop Concerts,22.3019,114.1823
Oldies Concert,"8 Feb 2019 (Fri) 2:15pm, 7:15pm",2019-02-08 2:15pm,Tai Po Civic Centre (Auditorium),Cultural Presentations & Film - Pop Concerts,22.4532,114.171
Pop Concert,8 Feb 2019 (Fri) 2:15pm,2019-02-08 2:15pm,Sai Wan Ho Civic Centre (Theatre),Cultural Presentations & Film - Pop Concerts,22.281,114.203
Oldies Concert,8 Feb 2019 (Fri) 7:00pm,2019-02-08 7:00pm,North District Town Hall (Auditorium),Cultural Presentations & Film - Pop Concerts,22.498,114.128
Pop Concert,8 Feb 2019 (Fri) 7:15pm,2019-02-08 7:15pm,Sai Wan Ho Civic Centre (Theatre),Cultural Presentations & Film - Pop Concerts,22.281,114.203
Pop Concert,9 Feb 2019 (Sat) 2:15pm,2019-02-09 2:15pm,Sai Wan Ho Civic Centre (Theatre),Cultural Presentations & Film - Pop Concerts,22.281,114.203
Oldies Concert,9 Feb 2019 (Sat) 7:00pm,2019-02-09 7:00pm,Tai Po Civic Centre (Auditorium),Cultural Presentations & Film - Pop Concerts,22.4532,114.171
Pop Concert,9 Feb 2019 (Sat) 7:15pm,2019-02-09 7:15pm,Ngau Chi Wan Civic Centre (Cultural Activities Hall),Cultural Presentations & Film - Pop Concerts,22.314,114.229
Pop Concert,9 Feb 2019 (Sat) 7:30pm,2019-02-09 7:30pm,Sai Wan Ho Civic Centre (Theatre),Cultural Presentations & Film - Pop Concerts,22.281,114.203
FWD presents Ronald Cheng ONE MORE TIME World Tour Live – Hong Kong (Additional Performance),9 Feb 2019 (Sat) 8:15pm,2019-02-09 8:15pm,Hong Kong Coliseum (Arena),Cultural Presentations & Film - Pop Concerts,22.3019,114.1823
Oldies Concert,10 Feb 2019 (Sun) 7:15pm,2019-02-10 7:15pm,Ko Shan Theatre (New Wing Auditorium),Cultural Presentations & Film - Pop Concerts,22.3376,114.1938
Pop Concert,"10 Feb 2019 (Sun) 3pm, 7:15pm",2019-02-10 8:00pm,Sai Wan Ho Civic Centre (Theatre),Cultural Presentations & Film - Pop Concerts,22.281,114.203
Pop Concert,"11 Feb 2019 (Mon) 2:15pm, 7:15pm",2019-02-11 14:15pm,Sai Wan Ho Civic Centre (Theatre),Cultural Presentations & Film - Pop Concerts,22.281,114.203
Pop Concert,"11 Feb 2019 (Mon) 2:15pm, 7:15pm",2019-02-11 19:15pm,Sai Wan Ho Civic Centre (Theatre),Cultural Presentations & Film - Pop Concerts,22.281,114.203
Oldies Concert,"11 Feb 2019 (Mon) 2:00pm, 7:30pm",2019-02-11 2:00pm,Sha Tin Town Hall (Cultural Activities Hall),Cultural Presentations & Film - Pop Concerts,22.381,114.189
Oldies Concert,"11 Feb 2019 (Mon) 2:15pm, 7:15pm",2019-02-11 2:15pm,North District Town Hall (Auditorium),Cultural Presentations & Film - Pop Concerts,22.498,114.128
Helena Hui Student's Concert,11 Feb 2019 (Mon) 7:30pm,2019-02-11 7:30pm,Ngau Chi Wan Civic Centre (Theatre),Cultural Presentations & Film - Pop Concerts,22.314,114.229
Pop Concert,"12 Feb 2019 (Tue) 2:15pm, 7:15pm",2019-02-12 14:15pm,Ngau Chi Wan Civic Centre (Theatre),Cultural Presentations & Film - Pop Concerts,22.314,114.229
Pop Concert,"12 Feb 2019 (Tue) 2:15pm, 7:15pm",2019-02-12 19:15pm,Ngau Chi Wan Civic Centre (Theatre),Cultural Presentations & Film - Pop Concerts,22.314,114.229
Oldies Concert,"12 Feb 2019 (Tue) 2:15pm, 7:15pm",2019-02-12 2:15pm,Sha Tin Town Hall (Cultural Activities Hall),Cultural Presentations & Film - Pop Concerts,22.381,114.189
Oldies Concert,12 Feb 2019 (Tue) 7:00pm,2019-02-12 7:00pm,Tai Po Civic Centre (Auditorium),Cultural Presentations & Film - Pop Concerts,22.4532,114.171
Oldies Concert,13 Feb 2019 (Wed) 7:15pm,2019-02-13 7:15pm,Ko Shan Theatre (New Wing Auditorium),Cultural Presentations & Film - Pop Concerts,22.3376,114.1938
Pop Concert,13 Feb 2019 (Wed) 7:15pm,2019-02-13 7:15pm,Ngau Chi Wan Civic Centre (Theatre),Cultural Presentations & Film - Pop Concerts,22.314,114.229
Oldies Concert,"14 Feb 2019 (Thu) 2:45pm, 7:15pm",2019-02-14 14:45pm,Sha Tin Town Hall (Cultural Activities Hall),Cultural Presentations & Film - Pop Concerts,22.381,114.189
Oldies Concert,"14 Feb 2019 (Thu) 2:45pm, 7:15pm",2019-02-14 19:15pm,Sha Tin Town Hall (Cultural Activities Hall),Cultural Presentations & Film - Pop Concerts,22.381,114.189
Pop Concert,14 Feb 2019 (Thu) 7:15pm,2019-02-14 7:15pm,Ngau Chi Wan Civic Centre (Theatre),Cultural Presentations & Film - Pop Concerts,22.314,114.229
Oldies Concert,15 Feb 2019 (Fri) 7:00pm,2019-02-15 7:00pm,Sha Tin Town Hall (Cultural Activities Hall),Cultural Presentations & Film - Pop Concerts,22.381,114.189
Oldies Concert,15 Feb 2019 (Fri) 7:00pm,2019-02-15 7:00pm,Tai Po Civic Centre (Auditorium),Cultural Presentations & Film - Pop Concerts,22.4532,114.171
Pop Concert,18 Feb 2019 (Mon) 7:15pm,2019-02-18 7:15pm,Ngau Chi Wan Civic Centre (Theatre),Cultural Presentations & Film - Pop Concerts,22.314,114.229
Pop Concert,"18 Feb 2019 (Mon) 3pm, 7:15pm",2019-02-18 8:00pm,Sai Wan Ho Civic Centre (Theatre),Cultural Presentations & Film - Pop Concerts,22.281,114.203
Pop Concert,"19 Feb 2019 (Tue) 2:15pm, 7:15pm",2019-02-19 14:15pm,Ngau Chi Wan Civic Centre (Theatre),Cultural Presentations & Film - Pop Concerts,22.314,114.229
Pop Concert,"19 Feb 2019 (Tue) 2:15pm, 7:15pm",2019-02-19 19:15pm,Ngau Chi Wan Civic Centre (Theatre),Cultural Presentations & Film - Pop Concerts,22.314,114.229
Oldies Concert,20 Feb 2019 (Wed) 7:15pm,2019-02-20 7:15pm,Tai Po Civic Centre (Auditorium),Cultural Presentations & Film - Pop Concerts,22.4532,114.171
Infinitus Partners Asset Management Limited presents: TWGHs Forever Friends Charity Show,22 Feb 2019 (Fri) 7:30pm,2019-02-22 7:30pm,Queen Elizabeth Stadium (Arena),Cultural Presentations & Film - Pop Concerts,22.2787,114.1822
Oldies Concert,24 Feb 2019 (Sun) 8:00pm,2019-02-24 8:00pm,North District Town Hall (Auditorium),Cultural Presentations & Film - Pop Concerts,22.498,114.128
Sun Life Financial Presents Along With Ekin Live Concert 2019,24-27 Feb(Sun-Wed) & 1 Mar 2019 (Fri) 8:15pm,2019-02-24 8:15pm,Hong Kong Coliseum (Arena),Cultural Presentations & Film - Pop Concerts,22.3019,114.1823
Oldies Concert,"25 Feb 2019 (Mon) 2:00pm, 7:00pm",2019-02-25 14:00pm,North District Town Hall (Auditorium),Cultural Presentations & Film - Pop Concerts,22.498,114.128
Oldies Concert,"25 Feb 2019 (Mon) 2:00pm, 7:00pm",2019-02-25 19:00pm,North District Town Hall (Auditorium),Cultural Presentations & Film - Pop Concerts,22.498,114.128
Sun Life Financial Presents Along With Ekin Live Concert 2019,24-27 Feb(Sun-Wed) & 1 Mar 2019 (Fri) 8:15pm,2019-02-25 8:15pm,Hong Kong Coliseum (Arena),Cultural Presentations & Film - Pop Concerts,22.3019,114.1823
Peter Chan In Concert 2019,26-27 Feb 2019 (Tue-Wed) 8:00pm,2019-02-26 8:00pm,Queen Elizabeth Stadium (Arena),Cultural Presentations & Film - Pop Concerts,22.2787,114.1822
Sun Life Financial Presents Along With Ekin Live Concert 2019,24-27 Feb(Sun-Wed) & 1 Mar 2019 (Fri) 8:15pm,2019-02-26 8:15pm,Hong Kong Coliseum (Arena),Cultural Presentations & Film - Pop Concerts,22.3019,114.1823
Oldies Concert,"27 Feb 2019 (Wed) 2:00pm, 7:00pm",2019-02-27 14:00pm,North District Town Hall (Auditorium),Cultural Presentations & Film - Pop Concerts,22.498,114.128
Oldies Concert,"27 Feb 2019 (Wed) 2:00pm, 7:00pm",2019-02-27 19:00pm,North District Town Hall (Auditorium),Cultural Presentations & Film - Pop Concerts,22.498,114.128
Peter Chan In Concert 2019,26-27 Feb 2019 (Tue-Wed) 8:00pm,2019-02-27 8:00pm,Queen Elizabeth Stadium (Arena),Cultural Presentations & Film - Pop Concerts,22.2787,114.1822
Sun Life Financial Presents Along With Ekin Live Concert 2019,24-27 Feb(Sun-Wed) & 1 Mar 2019 (Fri) 8:15pm,2019-02-27 8:15pm,Hong Kong Coliseum (Arena),Cultural Presentations & Film - Pop Concerts,22.3019,114.1823
Oldies Concert,"28 Feb 2019 (Thu) 2:00pm, 7:00pm",2019-02-28 14:00pm,North District Town Hall (Auditorium),Cultural Presentations & Film - Pop Concerts,22.498,114.128
Oldies Concert,"28 Feb 2019 (Thu) 2:00pm, 7:00pm",2019-02-28 19:00pm,North District Town Hall (Auditorium),Cultural Presentations & Film - Pop Concerts,22.498,114.128
Sun Life Financial Presents Along With Ekin Live Concert 2019 (Additional Performance),28 Feb 2019 (Thu) 8:15pm,2019-02-28 8:15pm,Hong Kong Coliseum (Arena),Cultural Presentations & Film - Pop Concerts,22.3019,114.1823
Oldies Concert,"1 Mar 2019 (Fri) 2:15pm, 7:15pm",2019-03-01 2:15pm,North District Town Hall (Auditorium),Cultural Presentations & Film - Pop Concerts,22.498,114.128
Oldies Concert,1 Mar 2019 (Fri) 7:00pm,2019-03-01 7:00pm,Tai Po Civic Centre (Auditorium),Cultural Presentations & Film - Pop Concerts,22.4532,114.171
Oldies Concert,3 Mar 2019 (Sun) 7:00pm,2019-03-03 7:00pm,Tai Po Civic Centre (Black Box Theatre),Cultural Presentations & Film - Pop Concerts,22.4532,114.171
Oldies Concert,5 Mar 2019 (Tue) 7:00pm,2019-03-05 7:00pm,Tai Po Civic Centre (Auditorium),Cultural Presentations & Film - Pop Concerts,22.4532,114.171
Oldies Concert,5 Mar 2019 (Tue) 7:15pm,2019-03-05 7:15pm,North District Town Hall (Auditorium),Cultural Presentations & Film - Pop Concerts,22.498,114.128
Oldies Concert,6 Mar 2019 (Wed) 7:00pm,2019-03-06 7:00pm,North District Town Hall (Auditorium),Cultural Presentations & Film - Pop Concerts,22.498,114.128
Oldies Concert,"7 Mar 2019 (Thu) 9:00am, 2:00pm, 7:00pm",2019-03-07 09:00am,North District Town Hall (Auditorium),Cultural Presentations & Film - Pop Concerts,22.498,114.128
Oldies Concert,"7 Mar 2019 (Thu) 9:00am, 2:00pm, 7:00pm",2019-03-07 14:00pm,North District Town Hall (Auditorium),Cultural Presentations & Film - Pop Concerts,22.498,114.128
Oldies Concert,"7 Mar 2019 (Thu) 9:00am, 2:00pm, 7:00pm",2019-03-07 19:00pm,North District Town Hall (Auditorium),Cultural Presentations & Film - Pop Concerts,22.498,114.128
Planet XT Daniel Chan World Tour 2019,9 March 2019 (Sat) 8:15pm,2019-03-09 8:15pm,Hong Kong Coliseum (Arena),Cultural Presentations & Film - Pop Concerts,22.3019,114.1823
Oldies Concert,10 Mar 2019 (Sun) 7:00pm,2019-03-10 7:00pm,Tai Po Civic Centre (Auditorium),Cultural Presentations & Film - Pop Concerts,22.4532,114.171
Oldies Concert,11 Mar 2019 (Mon) 7:00pm,2019-03-11 7:00pm,North District Town Hall (Auditorium),Cultural Presentations & Film - Pop Concerts,22.498,114.128
Marisa & The Rhythm Highway Band in Concert 2019,11 Mar 2019 (Mon) 8:00pm,2019-03-11 8:00pm,Ngau Chi Wan Civic Centre (Theatre),Cultural Presentations & Film - Pop Concerts,22.314,114.229
Oldies Concert,12 Mar 2019 (Tue) 7:00pm,2019-03-12 7:00pm,Tai Po Civic Centre (Auditorium),Cultural Presentations & Film - Pop Concerts,22.4532,114.171
Pop Concert,12 Mar 2019 (Tue) 7:30pm,2019-03-12 7:30pm,Ngau Chi Wan Civic Centre (Theatre),Cultural Presentations & Film - Pop Concerts,22.314,114.229
ONE WORLD ONE LOVE ONE CONCET,14 March 2019 (Thu) 7:45pm,2019-03-14 7:45pm,Hong Kong City Hall (Concert Hall),Cultural Presentations & Film - Pop Concerts,22.2817,114.1583
Oldies Concert,"15 Mar 2019 (Fri) 2:00pm, 7:00pm",2019-03-15 14:00pm,Tai Po Civic Centre (Auditorium),Cultural Presentations & Film - Pop Concerts,22.4532,114.171
Pop Concert,"15 Mar 2019 (Fri) 2:30pm, 7:30pm",2019-03-15 14:30pm,Ngau Chi Wan Civic Centre (Theatre),Cultural Presentations & Film - Pop Concerts,22.314,114.229
Oldies Concert,"15 Mar 2019 (Fri) 2:00pm, 7:00pm",2019-03-15 19:00pm,Tai Po Civic Centre (Auditorium),Cultural Presentations & Film - Pop Concerts,22.4532,114.171
Pop Concert,"15 Mar 2019 (Fri) 2:30pm, 7:30pm",2019-03-15 19:30pm,Ngau Chi Wan Civic Centre (Theatre),Cultural Presentations & Film - Pop Concerts,22.314,114.229
Melody of Spring Concert,15 Mar 2019 (Fri) 7:15pm,2019-03-15 7:15pm,North District Town Hall (Auditorium),Cultural Presentations & Film - Pop Concerts,22.498,114.128
Oldies Concert,16 Mar 2019 (Sat) 7:15pm,2019-03-16 7:15pm,Tai Po Civic Centre (Auditorium),Cultural Presentations & Film - Pop Concerts,22.4532,114.171
Dear Jane Yours Sincerely Live 2019,16-17 March 2019 (Sat & Sun) 8:15pm,2019-03-16 8:15pm,Hong Kong Coliseum (Arena),Cultural Presentations & Film - Pop Concerts,22.3019,114.1823
Oldies Concert,"17 Mar 2019 (Sun) 2:00pm, 7:00pm",2019-03-17 14:00pm,Tai Po Civic Centre (Black Box Theatre),Cultural Presentations & Film - Pop Concerts,22.4532,114.171
Oldies Concert,"17 Mar 2019 (Sun) 2:00pm, 7:00pm",2019-03-17 19:00pm,Tai Po Civic Centre (Black Box Theatre),Cultural Presentations & Film - Pop Concerts,22.4532,114.171
Dear Jane Yours Sincerely Live 2019,16-17 March 2019 (Sat & Sun) 8:15pm,2019-03-17 8:15pm,Hong Kong Coliseum (Arena),Cultural Presentations & Film - Pop Concerts,22.3019,114.1823
Pop Concert,18 Mar 2019 (Mon) 7:30pm,2019-03-18 7:30pm,Ngau Chi Wan Civic Centre (Theatre),Cultural Presentations & Film - Pop Concerts,22.314,114.229
Oldies Concert,19 Mar 2019 (Tue) 7:00pm,2019-03-19 7:00pm,Tai Po Civic Centre (Black Box Theatre),Cultural Presentations & Film - Pop Concerts,22.4532,114.171
Oldies Concert,"23 Mar 2019 (Sat) 3:00pm, 7:15pm",2019-03-23 15:00pm,Tai Po Civic Centre (Black Box Theatre),Cultural Presentations & Film - Pop Concerts,22.4532,114.171
Oldies Concert,"23 Mar 2019 (Sat) 3:00pm, 7:15pm",2019-03-23 19:15pm,Tai Po Civic Centre (Black Box Theatre),Cultural Presentations & Film - Pop Concerts,22.4532,114.171
Ma Pak Leung Presents Alfred Hui Goodbye Kids Live 2019,23 March 2019 (Sat) 8:15pm,2019-03-23 8:15pm,Hong Kong Coliseum (Arena),Cultural Presentations & Film - Pop Concerts,22.3019,114.1823
Pop Concert,26 Mar 2019 (Tue) 7:15pm,2019-03-26 7:15pm,Ngau Chi Wan Civic Centre (Theatre),Cultural Presentations & Film - Pop Concerts,22.314,114.229
Oldies Concert,"27 Mar 2019 (Wed) 9:00am, 2:00pm, 7:00pm",2019-03-27 09:00am,Tai Po Civic Centre (Auditorium),Cultural Presentations & Film - Pop Concerts,22.4532,114.171
Oldies Concert,"27 Mar 2019 (Wed) 9:00am, 2:00pm, 7:00pm",2019-03-27 14:00pm,Tai Po Civic Centre (Auditorium),Cultural Presentations & Film - Pop Concerts,22.4532,114.171
Oldies Concert,"27 Mar 2019 (Wed) 9:00am, 2:00pm, 7:00pm",2019-03-27 19:00pm,Tai Po Civic Centre (Auditorium),Cultural Presentations & Film - Pop Concerts,22.4532,114.171
Oldies Concert,"30 Mar 2019 (Sat) 3:00pm, 7:15pm",2019-03-30 15:00pm,Tai Po Civic Centre (Black Box Theatre),Cultural Presentations & Film - Pop Concerts,22.4532,114.171
Oldies Concert,"30 Mar 2019 (Sat) 3:00pm, 7:15pm",2019-03-30 19:15pm,Tai Po Civic Centre (Black Box Theatre),Cultural Presentations & Film - Pop Concerts,22.4532,114.171
Khalil Fong Concert Tour,30-31 Mar 2019 (Sat - Sun) 8:15pm,2019-03-30 8:15pm,Hong Kong Coliseum (Arena),Cultural Presentations & Film - Pop Concerts,22.3019,114.1823
Pop Concert,31 Mar 2019 (Sun) 2:30pm,2019-03-31 2:30pm,Ngau Chi Wan Civic Centre (Theatre),Cultural Presentations & Film - Pop Concerts,22.314,114.229
Khalil Fong Concert Tour,30-31 Mar 2019 (Sat - Sun) 8:15pm,2019-03-31 8:15pm,Hong Kong Coliseum (Arena),Cultural Presentations & Film - Pop Concerts,22.3019,114.1823
Oldies Concert,1 Apr 2019 (Mon) 7:00pm,2019-04-01 7:00pm,Tai Po Civic Centre (Black Box Theatre),Cultural Presentations & Film - Pop Concerts,22.4532,114.171
Oldies Concert,1 Apr 2019 (Mon) 7:00pm,2019-04-01 7:00pm,North District Town Hall (Auditorium),Cultural Presentations & Film - Pop Concerts,22.498,114.128
Pop Concert,1 Apr 2019 (Mon) 7:30pm,2019-04-01 7:30pm,Ko Shan Theatre (New Wing Auditorium),Cultural Presentations & Film - Pop Concerts,22.3376,114.1938
Rose Ko and Friends Concert with Loving Care,"2 April 2019 (Tue) 3:30pm, 7:15pm",2019-04-02 15:30pm,Sheung Wan Civic Centre (Lecture Hall),Cultural Presentations & Film - Pop Concerts,22.2783,114.1747
Rose Ko and Friends Concert with Loving Care,"2 April 2019 (Tue) 3:30pm, 7:15pm",2019-04-02 19:15pm,Sheung Wan Civic Centre (Lecture Hall),Cultural Presentations & Film - Pop Concerts,22.2783,114.1747
Oldies Concert,3 Apr 2019 (Wed) 7:00pm,2019-04-03 7:00pm,Tai Po Civic Centre (Auditorium),Cultural Presentations & Film - Pop Concerts,22.4532,114.171
Oldies Concert,4 Apr 2019 (Thu) 7:15pm,2019-04-04 7:15pm,Ko Shan Theatre (New Wing Auditorium),Cultural Presentations & Film - Pop Concerts,22.3376,114.1938
Pop Concert,"5 Apr 2019 ( Fri ) 2:15pm, 7:15pm",2019-04-05 14:15pm,Sai Wan Ho Civic Centre (Cultural Activities Hall),Cultural Presentations & Film - Pop Concerts,22.281,114.203
Oldies Concert,"5 Apr 2019 (Fri) 2:15pm, 7:15pm",2019-04-05 14:15pm,Tai Po Civic Centre (Auditorium),Cultural Presentations & Film - Pop Concerts,22.4532,114.171
Pop Concert,"5 Apr 2019 ( Fri ) 2:15pm, 7:15pm",2019-04-05 19:15pm,Sai Wan Ho Civic Centre (Cultural Activities Hall),Cultural Presentations & Film - Pop Concerts,22.281,114.203
Oldies Concert,"5 Apr 2019 (Fri) 2:15pm, 7:15pm",2019-04-05 19:15pm,Tai Po Civic Centre (Auditorium),Cultural Presentations & Film - Pop Concerts,22.4532,114.171
"Enchanting Melody presents Those were the Days""""",5 Apr 2019 (Fri) 7:15pm,2019-04-05 7:15pm,Ngau Chi Wan Civic Centre (Theatre),Cultural Presentations & Film - Pop Concerts,22.314,114.229
ILUB Boom! Fight! 2019,5-6 Apr 2019 (Fri-Sat) 8:15pm,2019-04-05 8:15pm,Hong Kong Coliseum (Arena),Cultural Presentations & Film - Pop Concerts,22.3019,114.1823
Oldies Concert,"6 Apr 2019 (Sat) 2:00pm, 7:00pm",2019-04-06 2:00pm,Tai Po Civic Centre (Black Box Theatre),Cultural Presentations & Film - Pop Concerts,22.4532,114.171
Oldies Concert,6 Apr 2019 (Sat) 7:00pm,2019-04-06 7:00pm,Tai Po Civic Centre (Auditorium),Cultural Presentations & Film - Pop Concerts,22.4532,114.171
ILUB Boom! Fight! 2019,5-6 Apr 2019 (Fri-Sat) 8:15pm,2019-04-06 8:15pm,Hong Kong Coliseum (Arena),Cultural Presentations & Film - Pop Concerts,22.3019,114.1823
Oldies Concert,"7 Apr 2019 (Sun) 2:00pm, 7:00pm",2019-04-07 14:00pm,Tai Po Civic Centre (Black Box Theatre),Cultural Presentations & Film - Pop Concerts,22.4532,114.171
Oldies Concert,"7 Apr 2019 (Sun) 2:00pm, 7:00pm",2019-04-07 19:00pm,Tai Po Civic Centre (Black Box Theatre),Cultural Presentations & Film - Pop Concerts,22.4532,114.171
Singing Concert,7 Apr 2019 (Sun) 7:00pm,2019-04-07 7:00pm,North District Town Hall (Auditorium),Cultural Presentations & Film - Pop Concerts,22.498,114.128
Oldies Concert,"8 Apr 2019 (Mon) 2:00pm, 7:00pm",2019-04-08 14:00pm,North District Town Hall (Auditorium),Cultural Presentations & Film - Pop Concerts,22.498,114.128
Oldies Concert,"8 Apr 2019 (Mon) 2:00pm, 7:00pm",2019-04-08 19:00pm,North District Town Hall (Auditorium),Cultural Presentations & Film - Pop Concerts,22.498,114.128
Oldies Concert,9 Apr 2019 (Tue) 7:15pm,2019-04-09 7:15pm,North District Town Hall (Auditorium),Cultural Presentations & Film - Pop Concerts,22.498,114.128
做個快樂歌手姜蓓莉慈善演唱會,9-10 Apr 2019 (Tue-Wed) 8:00pm,2019-04-09 8:00pm,Queen Elizabeth Stadium (Arena),Cultural Presentations & Film - Pop Concerts,22.2787,114.1822
Oldies Concert,"10 Apr 2019 (Wed) 2:00pm, 7:00pm",2019-04-10 14:00pm,North District Town Hall (Auditorium),Cultural Presentations & Film - Pop Concerts,22.498,114.128
Oldies Concert,"10 Apr 2019 (Wed) 2:00pm, 7:00pm",2019-04-10 19:00pm,North District Town Hall (Auditorium),Cultural Presentations & Film - Pop Concerts,22.498,114.128
懷舊金曲演唱會(十五)師生音樂會,10 April 2019 (Wed) 7:15pm,2019-04-10 7:15pm,Sheung Wan Civic Centre (Lecture Hall),Cultural Presentations & Film - Pop Concerts,22.2783,114.1747
做個快樂歌手姜蓓莉慈善演唱會,9-10 Apr 2019 (Tue-Wed) 8:00pm,2019-04-10 8:00pm,Queen Elizabeth Stadium (Arena),Cultural Presentations & Film - Pop Concerts,22.2787,114.1822
Oldies Concert,11 Apr 2019 (Thu) 7:15pm,2019-04-11 7:15pm,North District Town Hall (Auditorium),Cultural Presentations & Film - Pop Concerts,22.498,114.128
Music Night Fever,11 April 2019 (Thu) 7:15pm,2019-04-11 7:15pm,Sheung Wan Civic Centre (Lecture Hall),Cultural Presentations & Film - Pop Concerts,22.2783,114.1747
Tahoe Life presents WE Leo Ku World Tour HK Part 2,11-12 April 2019 (Thu & Fri) 8:15pm,2019-04-11 8:15pm,Hong Kong Coliseum (Arena),Cultural Presentations & Film - Pop Concerts,22.3019,114.1823
Oldies Concert,"12 Apr 2019 (Fri) 2:00pm, 7:00pm",2019-04-12 14:00pm,North District Town Hall (Auditorium),Cultural Presentations & Film - Pop Concerts,22.498,114.128
Oldies Concert,"12 Apr 2019 (Fri) 2:00pm, 7:00pm",2019-04-12 19:00pm,North District Town Hall (Auditorium),Cultural Presentations & Film - Pop Concerts,22.498,114.128
Pop Concert,12 Apr 2019 (Fri) 7:15pm,2019-04-12 7:15pm,Ngau Chi Wan Civic Centre (Theatre),Cultural Presentations & Film - Pop Concerts,22.314,114.229
Tahoe Life presents WE Leo Ku World Tour HK Part 2,11-12 April 2019 (Thu & Fri) 8:15pm,2019-04-12 8:15pm,Hong Kong Coliseum (Arena),Cultural Presentations & Film - Pop Concerts,22.3019,114.1823
Pop Concent,"13 Apr 2019 ( Sat ) 2:30pm, 7:30pm",2019-04-13 14:30pm,Sai Wan Ho Civic Centre (Cultural Activities Hall),Cultural Presentations & Film - Pop Concerts,22.281,114.203
Pop Concent,"13 Apr 2019 ( Sat ) 2:30pm, 7:30pm",2019-04-13 19:30pm,Sai Wan Ho Civic Centre (Cultural Activities Hall),Cultural Presentations & Film - Pop Concerts,22.281,114.203
Tahoe Life presents WE Leo Ku World Tour HK Part 2 (Additional Performance 1),13 April 2019 (Sat) 8:15pm,2019-04-13 8:15pm,Hong Kong Coliseum (Arena),Cultural Presentations & Film - Pop Concerts,22.3019,114.1823
Tahoe Life presents WE Leo Ku World Tour HK Part 2 (Additional Performance 2),14 April 2019 (Sun) 8:15pm,2019-04-14 8:15pm,Hong Kong Coliseum (Arena),Cultural Presentations & Film - Pop Concerts,22.3019,114.1823
Oldies Concert,15 Apr 2019 (Mon) 7:15pm,2019-04-15 7:15pm,Ko Shan Theatre (New Wing Auditorium),Cultural Presentations & Film - Pop Concerts,22.3376,114.1938
Oldies Concert,"16 Apr 2019 (Tue) 3:00pm, 7:00pm",2019-04-16 15:00pm,Tai Po Civic Centre (Auditorium),Cultural Presentations & Film - Pop Concerts,22.4532,114.171
Oldies Concert,"16 Apr 2019 (Tue) 3:00pm, 7:00pm",2019-04-16 19:00pm,Tai Po Civic Centre (Auditorium),Cultural Presentations & Film - Pop Concerts,22.4532,114.171
Oldies Concert,17 Apr 2019 (Wed) 8:00pm,2019-04-17 8:00pm,Sha Tin Town Hall (Auditorium),Cultural Presentations & Film - Pop Concerts,22.381,114.189
Pop Concert,18 Apr 2019 (Thu) 7:30pm,2019-04-18 7:30pm,Ngau Chi Wan Civic Centre (Theatre),Cultural Presentations & Film - Pop Concerts,22.314,114.229
Hair Again Presents KwanGor Live in Concert 2019,19 Apr 2019 (Fri) 8:15pm,2019-04-19 8:15pm,Hong Kong Coliseum (Arena),Cultural Presentations & Film - Pop Concerts,22.3019,114.1823
Pop Concert,20 Apr 2019 (Sat) 7:15pm,2019-04-20 7:15pm,Ngau Chi Wan Civic Centre (Theatre),Cultural Presentations & Film - Pop Concerts,22.314,114.229
Oldies Concert,21 Apr 2019 (Sun) 7:00pm,2019-04-21 7:00pm,Tai Po Civic Centre (Auditorium),Cultural Presentations & Film - Pop Concerts,22.4532,114.171
Oldies Concert,"22 Apr 2019 (Mon) 9:00am, 2:15pm, 7:15pm",2019-04-22 09:00am,Tai Po Civic Centre (Auditorium),Cultural Presentations & Film - Pop Concerts,22.4532,114.171
Oldies Concert,"22 Apr 2019 (Mon) 9:00am, 2:15pm, 7:15pm",2019-04-22 14:15pm,Tai Po Civic Centre (Auditorium),Cultural Presentations & Film - Pop Concerts,22.4532,114.171
Oldies Concert,"22 Apr 2019 (Mon) 9:00am, 2:15pm, 7:15pm",2019-04-22 19:15pm,Tai Po Civic Centre (Auditorium),Cultural Presentations & Film - Pop Concerts,22.4532,114.171
Pop Concert,22 Apr 2019 (Mon) 7:15pm,2019-04-22 7:15pm,Ngau Chi Wan Civic Centre (Theatre),Cultural Presentations & Film - Pop Concerts,22.314,114.229
Los Duende Flamenco & Folk Guitar Music Concert,22 Apr 2019 (Mon) 8:00pm,2019-04-22 8:00pm,Sha Tin Town Hall (Cultural Activities Hall),Cultural Presentations & Film - Pop Concerts,22.381,114.189
Oldies Concert,23 Apr 2019 (Tue) 7:00pm,2019-04-23 7:00pm,Sha Tin Town Hall (Cultural Activities Hall),Cultural Presentations & Film - Pop Concerts,22.381,114.189
Oldies Concert,23 Apr 2019 (Tue) 7:00pm,2019-04-23 7:00pm,Tai Po Civic Centre (Auditorium),Cultural Presentations & Film - Pop Concerts,22.4532,114.171
Oldies Concert,"24 Apr 2019 (Wed) 3:00pm, 7:00pm",2019-04-24 15:00pm,Sha Tin Town Hall (Cultural Activities Hall),Cultural Presentations & Film - Pop Concerts,22.381,114.189
Oldies Concert,"24 Apr 2019 (Wed) 3:00pm, 7:00pm",2019-04-24 19:00pm,Sha Tin Town Hall (Cultural Activities Hall),Cultural Presentations & Film - Pop Concerts,22.381,114.189
Oldies Concert,25 Apr 2019 (Thu) 7:15pm,2019-04-25 7:15pm,Ko Shan Theatre (New Wing Auditorium),Cultural Presentations & Film - Pop Concerts,22.3376,114.1938
Oldies Concert,26 Apr 2019 (Fri) 7:00pm,2019-04-26 7:00pm,Tai Po Civic Centre (Auditorium),Cultural Presentations & Film - Pop Concerts,22.4532,114.171
Oldies Concert,"29 Apr 2019 (Mon) 3:00pm, 7:00pm",2019-04-29 15:00pm,North District Town Hall (Auditorium),Cultural Presentations & Film - Pop Concerts,22.498,114.128
Oldies Concert,"29 Apr 2019 (Mon) 3:00pm, 7:00pm",2019-04-29 19:00pm,North District Town Hall (Auditorium),Cultural Presentations & Film - Pop Concerts,22.498,114.128
An Evening With Golden Rhythm Boys 2019,29 Apr 2019 (Mon) 7:15pm,2019-04-29 7:15pm,Sha Tin Town Hall (Cultural Activities Hall),Cultural Presentations & Film - Pop Concerts,22.381,114.189
Oldies Concert,30 Apr 2019 (Tue) 7:00pm,2019-04-30 7:00pm,Sha Tin Town Hall (Cultural Activities Hall),Cultural Presentations & Film - Pop Concerts,22.381,114.189
Oldies Concert,30 Apr 2019 (Tue) 7:00pm,2019-04-30 7:00pm,North District Town Hall (Auditorium),Cultural Presentations & Film - Pop Concerts,22.498,114.128
Oldies Concert,30 Apr 2019 (Tue) 7:00pm,2019-04-30 7:00pm,Tai Po Civic Centre (Auditorium),Cultural Presentations & Film - Pop Concerts,22.4532,114.171
Singing Performance,30 Apr 2019 (Tue) 7:30pm,2019-04-30 7:30pm,Sai Wan Ho Civic Centre (Theatre),Cultural Presentations & Film - Pop Concerts,22.281,114.203
Various Artists Festival,"1 May 2019 (Wed) 2:15pm, 7:15pm",2019-05-01 14:15pm,Sai Wan Ho Civic Centre (Cultural Activities Hall),Cultural Presentations & Film - Pop Concerts,22.281,114.203
Various Artists Festival,"1 May 2019 (Wed) 2:15pm, 7:15pm",2019-05-01 19:15pm,Sai Wan Ho Civic Centre (Cultural Activities Hall),Cultural Presentations & Film - Pop Concerts,22.281,114.203
Pop Concert,1 May 2019 (Wed) 7:30pm,2019-05-01 7:30pm,Sha Tin Town Hall (Cultural Activities Hall),Cultural Presentations & Film - Pop Concerts,22.381,114.189
Singing Concert,2 May 2019 (Thu) 7:00pm,2019-05-02 7:00pm,North District Town Hall (Auditorium),Cultural Presentations & Film - Pop Concerts,22.498,114.128
經典回憶演唱會(四),2 May 2019 (Thu) 7:30pm,2019-05-02 7:30pm,Sheung Wan Civic Centre (Theatre),Cultural Presentations & Film - Pop Concerts,22.2783,114.1747
Oldies Concert,2 May 2019 (Thu) 晚上7:00,2019-05-02 8:00pm,Tai Po Civic Centre (Auditorium),Cultural Presentations & Film - Pop Concerts,22.4532,114.171
Oldies Concert,"3 May 2019 (Fri) 3:00pm, 7:00pm",2019-05-03 3:00pm,Tai Po Civic Centre (Auditorium),Cultural Presentations & Film - Pop Concerts,22.4532,114.171
Oldies Concert,3 May 2019 (Fri) 7:00pm,2019-05-03 7:00pm,North District Town Hall (Auditorium),Cultural Presentations & Film - Pop Concerts,22.498,114.128
EK International Albert Au In Concert 2019,3-5 May 2019 (Fri-Sun) 8:00pm,2019-05-03 8:00pm,Queen Elizabeth Stadium (Arena),Cultural Presentations & Film - Pop Concerts,22.2787,114.1822
Richly Media Presents: George Lam Lamusical 2019 Concert,3-5 May 2019 (Fri-Sun) 8:15pm,2019-05-03 8:15pm,Hong Kong Coliseum (Arena),Cultural Presentations & Film - Pop Concerts,22.3019,114.1823
Oldies Concert,"4 May 2019 (Sat) 2:00pm, 7:00pm",2019-05-04 14:00pm,Tai Po Civic Centre (Black Box Theatre),Cultural Presentations & Film - Pop Concerts,22.4532,114.171
Oldies Concert,"4 May 2019 (Sat) 2:00pm, 7:00pm",2019-05-04 19:00pm,Tai Po Civic Centre (Black Box Theatre),Cultural Presentations & Film - Pop Concerts,22.4532,114.171
Choral Concert,4 May 2019 (Sat) 2:30pm,2019-05-04 2:30pm,North District Town Hall (Auditorium),Cultural Presentations & Film - Pop Concerts,22.498,114.128
EK International Albert Au In Concert 2019,3-5 May 2019 (Fri-Sun) 8:00pm,2019-05-04 8:00pm,Queen Elizabeth Stadium (Arena),Cultural Presentations & Film - Pop Concerts,22.2787,114.1822
Richly Media Presents: George Lam Lamusical 2019 Concert,3-5 May 2019 (Fri-Sun) 8:15pm,2019-05-04 8:15pm,Hong Kong Coliseum (Arena),Cultural Presentations & Film - Pop Concerts,22.3019,114.1823
Oldies Concert,"5 May 2019 (Sun) 2:30pm, 7:00pm",2019-05-05 14:30pm,Tai Po Civic Centre (Black Box Theatre),Cultural Presentations & Film - Pop Concerts,22.4532,114.171
Oldies Concert,"5 May 2019 (Sun) 2:30pm, 7:00pm",2019-05-05 19:00pm,Tai Po Civic Centre (Black Box Theatre),Cultural Presentations & Film - Pop Concerts,22.4532,114.171
EK International Albert Au In Concert 2019,3-5 May 2019 (Fri-Sun) 8:00pm,2019-05-05 8:00pm,Queen Elizabeth Stadium (Arena),Cultural Presentations & Film - Pop Concerts,22.2787,114.1822
Richly Media Presents: George Lam Lamusical 2019 Concert,3-5 May 2019 (Fri-Sun) 8:15pm,2019-05-05 8:15pm,Hong Kong Coliseum (Arena),Cultural Presentations & Film - Pop Concerts,22.3019,114.1823
Oldies Concert,6 May 2019 (Mon) 8:00pm,2019-05-06 8:00pm,North District Town Hall (Auditorium),Cultural Presentations & Film - Pop Concerts,22.498,114.128
Richly Media Presents: George Lam Lamusical 2019 Concert (Additional Performance),6-7 May 2019 (Mon-Tue) 8:15pm,2019-05-06 8:15pm,Hong Kong Coliseum (Arena),Cultural Presentations & Film - Pop Concerts,22.3019,114.1823
Smiling Rose 12th Anniversary Concert,"7 May 2019 (Tue) 3:30pm, 7:15pm",2019-05-07 15:30pm,Sheung Wan Civic Centre (Theatre),Cultural Presentations & Film - Pop Concerts,22.2783,114.1747
Smiling Rose 12th Anniversary Concert,"7 May 2019 (Tue) 3:30pm, 7:15pm",2019-05-07 19:15pm,Sheung Wan Civic Centre (Theatre),Cultural Presentations & Film - Pop Concerts,22.2783,114.1747
Oldies Concert,"7 May 2019 (Tue) 2:00pm, 7:00pm",2019-05-07 2:00pm,North District Town Hall (Auditorium),Cultural Presentations & Film - Pop Concerts,22.498,114.128
Oldies Concert,7 May 2019 (Tue) 7:00pm,2019-05-07 7:00pm,Sha Tin Town Hall (Cultural Activities Hall),Cultural Presentations & Film - Pop Concerts,22.381,114.189
Richly Media Presents: George Lam Lamusical 2019 Concert (Additional Performance),6-7 May 2019 (Mon-Tue) 8:15pm,2019-05-07 8:15pm,Hong Kong Coliseum (Arena),Cultural Presentations & Film - Pop Concerts,22.3019,114.1823
Song of Memory,8 May 2019 (Wed) 2:00pm,2019-05-08 2:00pm,Tai Po Civic Centre (Auditorium),Cultural Presentations & Film - Pop Concerts,22.4532,114.171
Oldies Concert,9 May 2019 (Thu) 7:15pm,2019-05-09 7:15pm,Ko Shan Theatre (New Wing Auditorium),Cultural Presentations & Film - Pop Concerts,22.3376,114.1938
Oldies Concert,11 May 2019 (Sat) 7:00pm,2019-05-11 7:00pm,Tai Po Civic Centre (Auditorium),Cultural Presentations & Film - Pop Concerts,22.4532,114.171
Oldies Concert,"12 May 2019 (Sun) 3:00pm, 7:00pm",2019-05-12 15:00pm,Tai Po Civic Centre (Auditorium),Cultural Presentations & Film - Pop Concerts,22.4532,114.171
Oldies Concert,"12 May 2019 (Sun) 3:00pm, 7:00pm",2019-05-12 19:00pm,Tai Po Civic Centre (Auditorium),Cultural Presentations & Film - Pop Concerts,22.4532,114.171
Pop Concert,13 May 2019 (Mon) 7:15pm,2019-05-13 7:15pm,Sai Wan Ho Civic Centre (Theatre),Cultural Presentations & Film - Pop Concerts,22.281,114.203
詠恩樂聚今晚夜,13 May 2019 (Mon) 7:15pm,2019-05-13 7:15pm,Sheung Wan Civic Centre (Theatre),Cultural Presentations & Film - Pop Concerts,22.2783,114.1747
Oldies Concert,14 May 2019 (Tue) 7:00pm,2019-05-14 7:00pm,North District Town Hall (Auditorium),Cultural Presentations & Film - Pop Concerts,22.498,114.128
Oldies Concert,"15 May 2019 (Wed) 2:00pm, 7:00pm",2019-05-15 14:00pm,North District Town Hall (Auditorium),Cultural Presentations & Film - Pop Concerts,22.498,114.128
Oldies Concert,"15 May 2019 (Wed) 2:00pm, 7:00pm",2019-05-15 19:00pm,North District Town Hall (Auditorium),Cultural Presentations & Film - Pop Concerts,22.498,114.128
Pop Concert,15 May 2019 (Wed) 7:15pm,2019-05-15 7:15pm,Ngau Chi Wan Civic Centre (Theatre),Cultural Presentations & Film - Pop Concerts,22.314,114.229
Oldies Concert,16 May 2019 (Thu) 7:00pm,2019-05-16 7:00pm,North District Town Hall (Auditorium),Cultural Presentations & Film - Pop Concerts,22.498,114.128
Oldies Concert,"17 May 2019 (Fri) 2:00pm, 7:00pm",2019-05-17 2:00pm,Tai Po Civic Centre (Auditorium),Cultural Presentations & Film - Pop Concerts,22.4532,114.171
Oldies Concert,17 May 2019 (Fri) 7:00pm,2019-05-17 7:00pm,North District Town Hall (Auditorium),Cultural Presentations & Film - Pop Concerts,22.498,114.128
Wilson Rock The City Mr. Everyone Concert 10,17-18 May 2019 (Fri-Sat) 8:15pm,2019-05-17 8:15pm,Hong Kong Coliseum (Arena),Cultural Presentations & Film - Pop Concerts,22.3019,114.1823
Choral Concert,18 May 2019 (Sat) 2:15pm,2019-05-18 2:15pm,Tai Po Civic Centre (Auditorium),Cultural Presentations & Film - Pop Concerts,22.4532,114.171
Pop Concert,18 May 2019 (Sat) 7:15pm,2019-05-18 7:15pm,Sai Wan Ho Civic Centre (Cultural Activities Hall),Cultural Presentations & Film - Pop Concerts,22.281,114.203
Wilson Rock The City Mr. Everyone Concert 10,17-18 May 2019 (Fri-Sat) 8:15pm,2019-05-18 8:15pm,Hong Kong Coliseum (Arena),Cultural Presentations & Film - Pop Concerts,22.3019,114.1823
Oldies Concert,"20 May 2019 (Mon) 9:00am, 2:15pm, 7:15pm",2019-05-20 09:00am,North District Town Hall (Auditorium),Cultural Presentations & Film - Pop Concerts,22.498,114.128
Oldies Concert,"20 May 2019 (Mon) 9:00am, 2:15pm, 7:15pm",2019-05-20 14:15pm,North District Town Hall (Auditorium),Cultural Presentations & Film - Pop Concerts,22.498,114.128
Oldies Concert,"20 May 2019 (Mon) 9:00am, 2:15pm, 7:15pm",2019-05-20 19:15pm,North District Town Hall (Auditorium),Cultural Presentations & Film - Pop Concerts,22.498,114.128
Pop Concert,20 May 2019 (Mon) 7:30pm,2019-05-20 7:30pm,Ngau Chi Wan Civic Centre (Theatre),Cultural Presentations & Film - Pop Concerts,22.314,114.229
強記慈善拉闊金曲夜,21 May 2019 (Tue) 7:15pm,2019-05-21 7:15pm,Sheung Wan Civic Centre (Theatre),Cultural Presentations & Film - Pop Concerts,22.2783,114.1747
Pop Concert,21 May 2019 (Tue) 7:15pm,2019-05-21 7:15pm,Ngau Chi Wan Civic Centre (Theatre),Cultural Presentations & Film - Pop Concerts,22.314,114.229
Oldies Concert,22 May 2019 (Wed) 7:00pm,2019-05-22 7:00pm,North District Town Hall (Auditorium),Cultural Presentations & Film - Pop Concerts,22.498,114.128
A Date with Miranda,22 May 2019 (Wed) 7:30pm,2019-05-22 7:30pm,Sheung Wan Civic Centre (Theatre),Cultural Presentations & Film - Pop Concerts,22.2783,114.1747
Oldies Concert,"23 May 2019 (Thu) 2:00pm, 7:00pm",2019-05-23 2:00pm,North District Town Hall (Auditorium),Cultural Presentations & Film - Pop Concerts,22.498,114.128
Oldies Concert,23 May 2019 (Thu) 7:00pm,2019-05-23 7:00pm,Sha Tin Town Hall (Cultural Activities Hall),Cultural Presentations & Film - Pop Concerts,22.381,114.189
Oldies Concert,23 May 2019 (Thu) 7:15pm,2019-05-23 7:15pm,Ko Shan Theatre (New Wing Auditorium),Cultural Presentations & Film - Pop Concerts,22.3376,114.1938
Amazing Night with Michael and Evans,23 May 2019 (Thu) 7:30pm,2019-05-23 7:30pm,Sheung Wan Civic Centre (Theatre),Cultural Presentations & Film - Pop Concerts,22.2783,114.1747
「溫Ling Friend」學生觀摩音樂會,"24 May 2019 (Fri) 2:45pm, 7:30pm",2019-05-24 14:45pm,Sheung Wan Civic Centre (Lecture Hall),Cultural Presentations & Film - Pop Concerts,22.2783,114.1747
「溫Ling Friend」學生觀摩音樂會,"24 May 2019 (Fri) 2:45pm, 7:30pm",2019-05-24 19:30pm,Sheung Wan Civic Centre (Lecture Hall),Cultural Presentations & Film - Pop Concerts,22.2783,114.1747
Oldies Concert,24 May 2019 (Fri) 2:00pm,2019-05-24 2:00pm,Tai Po Civic Centre (Auditorium),Cultural Presentations & Film - Pop Concerts,22.4532,114.171
Oldies Concert,24 May 2019 (Fri) 7:15pm,2019-05-24 7:15pm,Sha Tin Town Hall (Cultural Activities Hall),Cultural Presentations & Film - Pop Concerts,22.381,114.189
Asia Miles Presents Yoga Lin Idol World Tour – Hong Kong,24-25 May 2019 (Fri-Sat) 8:15pm,2019-05-24 8:15pm,Hong Kong Coliseum (Arena),Cultural Presentations & Film - Pop Concerts,22.3019,114.1823
Oldies Music Night,25 May 2019 (Sat) 7:00pm,2019-05-25 7:00pm,Tai Po Civic Centre (Auditorium),Cultural Presentations & Film - Pop Concerts,22.4532,114.171
樂動金曲繞樑夜,25 May 2019 (Sat) 7:15pm,2019-05-25 7:15pm,Sheung Wan Civic Centre (Theatre),Cultural Presentations & Film - Pop Concerts,22.2783,114.1747
Asia Miles Presents Yoga Lin Idol World Tour – Hong Kong,24-25 May 2019 (Fri-Sat) 8:15pm,2019-05-25 8:15pm,Hong Kong Coliseum (Arena),Cultural Presentations & Film - Pop Concerts,22.3019,114.1823
香港仔居民聯合會第七屆金曲欣賞夜,26 May 2019 (Sun) 2:15pm,2019-05-26 2:15pm,Sheung Wan Civic Centre (Lecture Hall),Cultural Presentations & Film - Pop Concerts,22.2783,114.1747
Asia Miles Presents Yoga Lin Idol World Tour – Hong Kong (Additional Performance),26 May 2019 (Sun) 8:15pm,2019-05-26 8:15pm,Hong Kong Coliseum (Arena),Cultural Presentations & Film - Pop Concerts,22.3019,114.1823
Oldies Concert,"27 May 2019 (Mon) 2:00pm, 7:00pm",2019-05-27 2:00pm,North District Town Hall (Auditorium),Cultural Presentations & Film - Pop Concerts,22.498,114.128
淺草歡唱同樂五月天,27 May 2019 (Mon) 7:15pm,2019-05-27 7:15pm,Sheung Wan Civic Centre (Theatre),Cultural Presentations & Film - Pop Concerts,22.2783,114.1747
Oldies Concert,"27 May 2019 (Mon) 9:00am, 2:15pm, 7:15pm",2019-05-27 9:00am,Tai Po Civic Centre (Auditorium),Cultural Presentations & Film - Pop Concerts,22.4532,114.171
寶珠群星匯,"28 May 2019 (Tue) 2:15pm, 7:15pm",2019-05-28 14:15pm,Sheung Wan Civic Centre (Lecture Hall),Cultural Presentations & Film - Pop Concerts,22.2783,114.1747
寶珠群星匯,"28 May 2019 (Tue) 2:15pm, 7:15pm",2019-05-28 19:15pm,Sheung Wan Civic Centre (Lecture Hall),Cultural Presentations & Film - Pop Concerts,22.2783,114.1747
Oldies Concert,28 May 2019 (Tue) 7:00pm,2019-05-28 7:00pm,Tai Po Civic Centre (Auditorium),Cultural Presentations & Film - Pop Concerts,22.4532,114.171
Oldies Concert,29 May 2019 (Wed) 7:00pm,2019-05-29 7:00pm,North District Town Hall (Auditorium),Cultural Presentations & Film - Pop Concerts,22.498,114.128
樂韻金曲星聲唱,"29 May 2019 (Wed) 3pm, 7:15pm",2019-05-29 8:00pm,Sheung Wan Civic Centre (Lecture Hall),Cultural Presentations & Film - Pop Concerts,22.2783,114.1747
Oldies Concert,30 May 2019 (Thu) 7:00pm,2019-05-30 7:00pm,North District Town Hall (Auditorium),Cultural Presentations & Film - Pop Concerts,22.498,114.128
Oldies Concert,"31 May 2019 (Fri) 3:15pm, 7:15pm",2019-05-31 15:15pm,Tai Po Civic Centre (Auditorium),Cultural Presentations & Film - Pop Concerts,22.4532,114.171
Oldies Concert,"31 May 2019 (Fri) 3:15pm, 7:15pm",2019-05-31 19:15pm,Tai Po Civic Centre (Auditorium),Cultural Presentations & Film - Pop Concerts,22.4532,114.171
Mother's Day Praising Concert,31 May 2019 (Fri) 7:15pm,2019-05-31 7:15pm,North District Town Hall (Auditorium),Cultural Presentations & Film - Pop Concerts,22.498,114.128
Oldies Concert,1 Jun 2019 (Sat) 7:00pm,2019-06-01 7:00pm,Tai Po Civic Centre (Auditorium),Cultural Presentations & Film - Pop Concerts,22.4532,114.171
大狀好友齊唱金曲夜,1 June 2019 (Sat) 7:15pm,2019-06-01 7:15pm,Sheung Wan Civic Centre (Lecture Hall),Cultural Presentations & Film - Pop Concerts,22.2783,114.1747
No.1 Elvis in Concert,2 June 2019 (Sun) 8pm,2019-06-02 8:00pm,Sheung Wan Civic Centre (Lecture Hall),Cultural Presentations & Film - Pop Concerts,22.2783,114.1747
Oldies Concert,"3 Jun 2019 (Mon) 3:00pm, 7:00pm",2019-06-03 15:00pm,Tai Po Civic Centre (Black Box Theatre),Cultural Presentations & Film - Pop Concerts,22.4532,114.171
Oldies Concert,"3 Jun 2019 (Mon) 3:00pm, 7:00pm",2019-06-03 19:00pm,Tai Po Civic Centre (Black Box Theatre),Cultural Presentations & Film - Pop Concerts,22.4532,114.171
Sing Sing Together,3 Jun 2019 (Mon) 7:00pm,2019-06-03 7:00pm,North District Town Hall (Auditorium),Cultural Presentations & Film - Pop Concerts,22.498,114.128
Singing Concert,3 Jun 2019 (Mon) 7:00pm,2019-06-03 7:00pm,Tai Po Civic Centre (Auditorium),Cultural Presentations & Film - Pop Concerts,22.4532,114.171
Oldies Concert,"4 Jun 2019 (Tue) 2:15pm, 7:15pm",2019-06-04 2:15pm,Tai Po Civic Centre (Auditorium),Cultural Presentations & Film - Pop Concerts,22.4532,114.171
Oldies Concert,"4 Jun 2019 (Tue) 3:00pm, 7:15pm",2019-06-04 3:00pm,Tai Po Civic Centre (Black Box Theatre),Cultural Presentations & Film - Pop Concerts,22.4532,114.171
Oldies Concert,"5 Jun 2019 (Wed) 2:15pm, 7:15pm",2019-06-05 2:15pm,Tai Po Civic Centre (Auditorium),Cultural Presentations & Film - Pop Concerts,22.4532,114.171
Oldies Concert,5 Jun 2019 (Wed) 7:00pm,2019-06-05 7:00pm,Tai Po Civic Centre (Black Box Theatre),Cultural Presentations & Film - Pop Concerts,22.4532,114.171
Oldies Concert,"6 Jun 2019 (Thu) 2:15pm, 7:15pm",2019-06-06 2:15pm,Tai Po Civic Centre (Auditorium),Cultural Presentations & Film - Pop Concerts,22.4532,114.171
Oldies Concert,"6 Jun 2019 (Thu) 2:45pm, 7:00pm",2019-06-06 2:45pm,North District Town Hall (Auditorium),Cultural Presentations & Film - Pop Concerts,22.498,114.128
Oldies Concert,"6 Jun 2019 (Thu) 3:00pm, 7:00pm",2019-06-06 3:00pm,Tai Po Civic Centre (Black Box Theatre),Cultural Presentations & Film - Pop Concerts,22.4532,114.171
HKU SPACE Community College Singing Contest Final 2019,6 Jun 2019 (Thu) 7:30pm,2019-06-06 7:30pm,Ngau Chi Wan Civic Centre (Theatre),Cultural Presentations & Film - Pop Concerts,22.314,114.229
Pop Concert,6 Jun 2019 (Thu) 7:45pm,2019-06-06 7:45pm,Sha Tin Town Hall (Auditorium),Cultural Presentations & Film - Pop Concerts,22.381,114.189
群星匯演,"7 June 2019 (Fri) 2:15pm, 7:15pm",2019-06-07 14:15pm,Sheung Wan Civic Centre (Lecture Hall),Cultural Presentations & Film - Pop Concerts,22.2783,114.1747
群星匯演,"7 June 2019 (Fri) 2:15pm, 7:15pm",2019-06-07 19:15pm,Sheung Wan Civic Centre (Lecture Hall),Cultural Presentations & Film - Pop Concerts,22.2783,114.1747
Oldies Concert,9 Jun 2019 (Sun) 7:00pm,2019-06-09 7:00pm,Tai Po Civic Centre (Black Box Theatre),Cultural Presentations & Film - Pop Concerts,22.4532,114.171
愉美懷舊金曲齊唱賀雙親節,10 June 2019 (Mon) 7:15pm,2019-06-10 7:15pm,Sheung Wan Civic Centre (Lecture Hall),Cultural Presentations & Film - Pop Concerts,22.2783,114.1747
Oldies Concert,"11 Jun 2019 (Tue) 2:15pm, 7:15pm",2019-06-11 14:15pm,North District Town Hall (Auditorium),Cultural Presentations & Film - Pop Concerts,22.498,114.128
Oldies Concert,"11 Jun 2019 (Tue) 2:15pm, 7:15pm",2019-06-11 19:15pm,North District Town Hall (Auditorium),Cultural Presentations & Film - Pop Concerts,22.498,114.128
懷舊金曲演唱會(十八)眾星好歌獻給你,11 June 2019 (Tue) 7:15pm,2019-06-11 7:15pm,Sheung Wan Civic Centre (Theatre),Cultural Presentations & Film - Pop Concerts,22.2783,114.1747
Oldies Concert,"12 Jun 2019 (Wed) 2:15pm, 7:15pm",2019-06-12 2:15pm,Sha Tin Town Hall (Cultural Activities Hall),Cultural Presentations & Film - Pop Concerts,22.381,114.189
天若有情與你相聚,12 June 2019 (Wed) 2:15pm,2019-06-12 2:15pm,Sheung Wan Civic Centre (Theatre),Cultural Presentations & Film - Pop Concerts,22.2783,114.1747
Oldies Concert,12 Jun 2019 (Wed) 7:00pm,2019-06-12 7:00pm,North District Town Hall (Auditorium),Cultural Presentations & Film - Pop Concerts,22.498,114.128
陳龍可愛的人生金曲演唱會,12 June 2019 (Wed) 7:15pm,2019-06-12 7:15pm,Sheung Wan Civic Centre (Theatre),Cultural Presentations & Film - Pop Concerts,22.2783,114.1747
Oldies Concert,"13 Jun 2019 (Thu) 2:00pm, 7:00pm",2019-06-13 14:00pm,North District Town Hall (Auditorium),Cultural Presentations & Film - Pop Concerts,22.498,114.128
Oldies Concert,"13 Jun 2019 (Thu) 2:00pm, 7:00pm",2019-06-13 19:00pm,North District Town Hall (Auditorium),Cultural Presentations & Film - Pop Concerts,22.498,114.128
難忘祢金曲演唱會2019,13 June 2019 (Thu) 8:00pm,2019-06-13 8:00pm,Sheung Wan Civic Centre (Theatre),Cultural Presentations & Film - Pop Concerts,22.2783,114.1747
Justin My Beautiful Curse Live 2019,14-15 Jun 2019 (Fri-Sat) 8:15pm,2019-06-14 8:15pm,Hong Kong Coliseum (Arena),Cultural Presentations & Film - Pop Concerts,22.3019,114.1823
Pop Concert,15 Jun 2019 (Sat) 7:15pm,2019-06-15 7:15pm,Sai Wan Ho Civic Centre (Cultural Activities Hall),Cultural Presentations & Film - Pop Concerts,22.281,114.203
Justin My Beautiful Curse Live 2019,14-15 Jun 2019 (Fri-Sat) 8:15pm,2019-06-15 8:15pm,Hong Kong Coliseum (Arena),Cultural Presentations & Film - Pop Concerts,22.3019,114.1823
Pop Concert,"17 Jun 2019 (Mon) 2:15pm, 7:15pm",2019-06-17 14:15pm,Sai Wan Ho Civic Centre (Cultural Activities Hall),Cultural Presentations & Film - Pop Concerts,22.281,114.203
Pop Concert,"17 Jun 2019 (Mon) 2:15pm, 7:15pm",2019-06-17 19:15pm,Sai Wan Ho Civic Centre (Cultural Activities Hall),Cultural Presentations & Film - Pop Concerts,22.281,114.203
Oldies Concert,18 Jun 2019 (Tue) 7:15pm,2019-06-18 7:15pm,North District Town Hall (Auditorium),Cultural Presentations & Film - Pop Concerts,22.498,114.128
Oldies Concert,20 Jun 2019 (Thu) 8:00pm,2019-06-20 8:00pm,North District Town Hall (Auditorium),Cultural Presentations & Film - Pop Concerts,22.498,114.128
星輝夜,"21 June 2019 (Fri) 2:15pm, 7:15pm",2019-06-21 14:15pm,Sheung Wan Civic Centre (Lecture Hall),Cultural Presentations & Film - Pop Concerts,22.2783,114.1747
星輝夜,"21 June 2019 (Fri) 2:15pm, 7:15pm",2019-06-21 19:15pm,Sheung Wan Civic Centre (Lecture Hall),Cultural Presentations & Film - Pop Concerts,22.2783,114.1747
Puyi Optical Presents William So All That Jazz (& Pop) Live 2019,21-22 Jun 2019 (Fri-Sat) 8:15pm,2019-06-21 8:15pm,Hong Kong Coliseum (Arena),Cultural Presentations & Film - Pop Concerts,22.3019,114.1823
Oldies Concert,22 Jun 2019 (Sat) 7:15pm,2019-06-22 7:15pm,North District Town Hall (Auditorium),Cultural Presentations & Film - Pop Concerts,22.498,114.128
The Brothers 4 60th Anniversary Live in Hong Kong 2019,22 Jun 2019 (Sat) 8:15pm,2019-06-22 8:15pm,Queen Elizabeth Stadium (Arena),Cultural Presentations & Film - Pop Concerts,22.2787,114.1822
Puyi Optical Presents William So All That Jazz (& Pop) Live 2019,21-22 Jun 2019 (Fri-Sat) 8:15pm,2019-06-22 8:15pm,Hong Kong Coliseum (Arena),Cultural Presentations & Film - Pop Concerts,22.3019,114.1823
2019 Hong Kong Bodybuilding Championships cum 10th South China Bodybuilding Invitational Championships and HK-GZ Performance Exchange,23 June 2019 (Sun) 6:30pm,2019-06-23 6:30pm,Queen Elizabeth Stadium (Arena),Cultural Presentations & Film - Pop Concerts,22.2787,114.1822
Oldies Concert,"24 Jun 2019 (Mon) 2:00pm, 7:00pm",2019-06-24 14:00pm,Tai Po Civic Centre (Auditorium),Cultural Presentations & Film - Pop Concerts,22.4532,114.171
好歌獻給您綜合演唱會,"24 June 2019 (Mon) 2:45pm, 7:15pm",2019-06-24 14:45pm,Sheung Wan Civic Centre (Theatre),Cultural Presentations & Film - Pop Concerts,22.2783,114.1747
Oldies Concert,"24 Jun 2019 (Mon) 2:00pm, 7:00pm",2019-06-24 19:00pm,Tai Po Civic Centre (Auditorium),Cultural Presentations & Film - Pop Concerts,22.4532,114.171
好歌獻給您綜合演唱會,"24 June 2019 (Mon) 2:45pm, 7:15pm",2019-06-24 19:15pm,Sheung Wan Civic Centre (Theatre),Cultural Presentations & Film - Pop Concerts,22.2783,114.1747
Pop Concert,24 Jun 2019 (Mon) 7:15pm,2019-06-24 7:15pm,Sai Wan Ho Civic Centre (Theatre),Cultural Presentations & Film - Pop Concerts,22.281,114.203
Rose Ko and friends' charity concert in celebrating of the 22nd Anniversary of the HKSAR,"25 June 2019 (Thu) 3:30pm, 7:15pm",2019-06-25 15:30pm,Sheung Wan Civic Centre (Lecture Hall),Cultural Presentations & Film - Pop Concerts,22.2783,114.1747
Rose Ko and friends' charity concert in celebrating of the 22nd Anniversary of the HKSAR,"25 June 2019 (Thu) 3:30pm, 7:15pm",2019-06-25 19:15pm,Sheung Wan Civic Centre (Lecture Hall),Cultural Presentations & Film - Pop Concerts,22.2783,114.1747
Oldies Concert,25 Jun 2019 (Tue) 7:15pm,2019-06-25 7:15pm,Tai Po Civic Centre (Auditorium),Cultural Presentations & Film - Pop Concerts,22.4532,114.171
Oldies Concert,29 Jun 2019 (Sat) 7:00pm,2019-06-29 7:00pm,Tai Po Civic Centre (Auditorium),Cultural Presentations & Film - Pop Concerts,22.4532,114.171
Oldies Concert,1 Jul 2019 ( Mon) 7:15pm,2019-07-01 7:15pm,North District Town Hall (Auditorium),Cultural Presentations & Film - Pop Concerts,22.498,114.128
躍動大灣區 各界青年慶祝香港回歸祖國22周年晚會,1 July 2019 (Mon) 7:45pm,2019-07-01 7:45pm,Hong Kong Coliseum (Arena),Cultural Presentations & Film - Pop Concerts,22.3019,114.1823
Oldies Concert,"2 Jul 2019 (Tue) 3:00pm, 7:00pm",2019-07-02 3:00pm,Tai Po Civic Centre (Auditorium),Cultural Presentations & Film - Pop Concerts,22.4532,114.171
Oldies Concert,2 Jul 2019 (Tue) 7:15pm,2019-07-02 7:15pm,Sha Tin Town Hall (Cultural Activities Hall),Cultural Presentations & Film - Pop Concerts,22.381,114.189
Oldies Concert,"3 Jul 2019 (Wed) 2:15pm, 7:15pm",2019-07-03 14:15pm,Sha Tin Town Hall (Cultural Activities Hall),Cultural Presentations & Film - Pop Concerts,22.381,114.189
Oldies Concert,"3 Jul 2019 (Wed) 2:15pm, 7:15pm",2019-07-03 19:15pm,Sha Tin Town Hall (Cultural Activities Hall),Cultural Presentations & Film - Pop Concerts,22.381,114.189
Oldies Concert,"5 Jul 2019 (Fri) 2:15pm, 7:15pm",2019-07-05 2:15pm,North District Town Hall (Auditorium),Cultural Presentations & Film - Pop Concerts,22.498,114.128
Oldies Concert,5 Jul 2019 (Fri) 7:00pm,2019-07-05 7:00pm,Sha Tin Town Hall (Cultural Activities Hall),Cultural Presentations & Film - Pop Concerts,22.381,114.189
聲聲薈,5 July 2019 (Fri) 7:15pm,2019-07-05 7:15pm,Sheung Wan Civic Centre (Lecture Hall),Cultural Presentations & Film - Pop Concerts,22.2783,114.1747
La Salle College Annual Concert 2019,5 Jul 2019 (Fri) 7:30pm,2019-07-05 7:30pm,Sha Tin Town Hall (Auditorium),Cultural Presentations & Film - Pop Concerts,22.381,114.189
Green and White Concert 2019,6 Jul 2019 (Sat) 7:30pm,2019-07-06 7:30pm,Sha Tin Town Hall (Auditorium),Cultural Presentations & Film - Pop Concerts,22.381,114.189
Singing Performance,8 July 2019 (Mon) 7:15pm,2019-07-08 7:15pm,Sai Wan Ho Civic Centre (Cultural Activities Hall),Cultural Presentations & Film - Pop Concerts,22.281,114.203
Oldies Concert,8 Jul 2019 (Mon) 8:00pm,2019-07-08 8:00pm,North District Town Hall (Auditorium),Cultural Presentations & Film - Pop Concerts,22.498,114.128
Pop Concert,8 July 2019 (Mon) 8:00pm,2019-07-08 8:00pm,Sai Wan Ho Civic Centre (Theatre),Cultural Presentations & Film - Pop Concerts,22.281,114.203
Oldies Concert,9 Jul 2019 (Tue) 7:00pm,2019-07-09 7:00pm,Tai Po Civic Centre (Auditorium),Cultural Presentations & Film - Pop Concerts,22.4532,114.171
Oldies Concert,11 Jul 2019 (Thu) 7:00pm,2019-07-11 7:00pm,Tai Po Civic Centre (Auditorium),Cultural Presentations & Film - Pop Concerts,22.4532,114.171
Oldies Concert,11 Jul 2019 (Thu) 7:00pm,2019-07-11 7:00pm,North District Town Hall (Auditorium),Cultural Presentations & Film - Pop Concerts,22.498,114.128
Oldies Concert,"12 Jul 2019 (Fri) 2:15pm, 7:15pm",2019-07-12 2:15pm,Tai Po Civic Centre (Black Box Theatre),Cultural Presentations & Film - Pop Concerts,22.4532,114.171
Oldies Concert,12 Jul 2019 (Fri) 7:00pm,2019-07-12 7:00pm,North District Town Hall (Auditorium),Cultural Presentations & Film - Pop Concerts,22.498,114.128
Oldies Concert,"15 Jul 2019 (Mon) 2:00pm, 7:00pm",2019-07-15 2:00pm,Tai Po Civic Centre (Auditorium),Cultural Presentations & Film - Pop Concerts,22.4532,114.171
Oldies Concert,"15 Jul 2019 (Mon) 2:00pm, 7:00pm",2019-07-15 2:00pm,North District Town Hall (Auditorium),Cultural Presentations & Film - Pop Concerts,22.498,114.128
Oldies Concert,"15 Jul 2019 (Mon) 2:15pm, 7:15pm",2019-07-15 2:15pm,Tai Po Civic Centre (Black Box Theatre),Cultural Presentations & Film - Pop Concerts,22.4532,114.171
Summer Romance Concert,15 Jul 2019 (Mon) 7:00pm,2019-07-15 7:00pm,Sha Tin Town Hall (Cultural Activities Hall),Cultural Presentations & Film - Pop Concerts,22.381,114.189
Pop Concert,15 Jul 2019 (Mon) 7:15pm,2019-07-15 7:15pm,Ngau Chi Wan Civic Centre (Theatre),Cultural Presentations & Film - Pop Concerts,22.314,114.229
Pop Concert,16 Jul 2019 (Tue) 7:30pm,2019-07-16 7:30pm,Ngau Chi Wan Civic Centre (Theatre),Cultural Presentations & Film - Pop Concerts,22.314,114.229
Oldies Concert,"17 Jul 2019 (Wed) 2:00pm, 7:00pm",2019-07-17 14:00pm,North District Town Hall (Auditorium),Cultural Presentations & Film - Pop Concerts,22.498,114.128
Oldies Concert,"17 Jul 2019 (Wed) 2:00pm, 7:00pm",2019-07-17 19:00pm,North District Town Hall (Auditorium),Cultural Presentations & Film - Pop Concerts,22.498,114.128
經典金曲今晚夜,"18 July 2019 (Thu) 2:15pm, 7:15pm",2019-07-18 14:15pm,Sheung Wan Civic Centre (Theatre),Cultural Presentations & Film - Pop Concerts,22.2783,114.1747
經典金曲今晚夜,"18 July 2019 (Thu) 2:15pm, 7:15pm",2019-07-18 19:15pm,Sheung Wan Civic Centre (Theatre),Cultural Presentations & Film - Pop Concerts,22.2783,114.1747
Oldies Concert,19 Jul 2019 (Fri) 7:00pm,2019-07-19 7:00pm,Tai Po Civic Centre (Auditorium),Cultural Presentations & Film - Pop Concerts,22.4532,114.171
樂陶演藝樂繽FUN演唱會,"20 July 2019 (Sat) 2:30pm, 7:30pm",2019-07-20 14:30pm,Sheung Wan Civic Centre (Theatre),Cultural Presentations & Film - Pop Concerts,22.2783,114.1747
樂陶演藝樂繽FUN演唱會,"20 July 2019 (Sat) 2:30pm, 7:30pm",2019-07-20 19:30pm,Sheung Wan Civic Centre (Theatre),Cultural Presentations & Film - Pop Concerts,22.2783,114.1747
Hong Kong Love-in Concert,20 Jul 2019 (Sat) 7:15pm,2019-07-20 7:15pm,Tai Po Civic Centre (Auditorium),Cultural Presentations & Film - Pop Concerts,22.4532,114.171
Singing Allies Music Concert,22 Jul 2019 (Sun) 7:00pm,2019-07-22 7:00pm,North District Town Hall (Auditorium),Cultural Presentations & Film - Pop Concerts,22.498,114.128
Oldies Concert,22 Jul 2019 (Mon) 7:30pm,2019-07-22 7:30pm,Sha Tin Town Hall (Cultural Activities Hall),Cultural Presentations & Film - Pop Concerts,22.381,114.189
Pop Concert,22 Jul 2019 (Mon) 8:00pm,2019-07-22 8:00pm,Sha Tin Town Hall (Auditorium),Cultural Presentations & Film - Pop Concerts,22.381,114.189
Oldies Concert,"22 Jul 2019 (Mon) 9:00am, 2:15pm, 7:15pm",2019-07-22 9:00am,Tai Po Civic Centre (Auditorium),Cultural Presentations & Film - Pop Concerts,22.4532,114.171
Oldies Concert,"23 Jul 2019 (Tue) 2:00pm, 7:00pm",2019-07-23 14:00pm,North District Town Hall (Auditorium),Cultural Presentations & Film - Pop Concerts,22.498,114.128
Oldies Concert,"23 Jul 2019 (Tue) 2:00pm, 7:00pm",2019-07-23 19:00pm,North District Town Hall (Auditorium),Cultural Presentations & Film - Pop Concerts,22.498,114.128
Oldies Concert,"24 Jul 2019 (Wed) 2:15pm, 7:15pm",2019-07-24 14:15pm,North District Town Hall (Auditorium),Cultural Presentations & Film - Pop Concerts,22.498,114.128
Oldies Concert,"24 Jul 2019 (Wed) 2:15pm, 7:15pm",2019-07-24 19:15pm,North District Town Hall (Auditorium),Cultural Presentations & Film - Pop Concerts,22.498,114.128
Oldies Concert,25 Jul 2019 (Thu) 7:00pm,2019-07-25 7:00pm,Tai Po Civic Centre (Auditorium),Cultural Presentations & Film - Pop Concerts,22.4532,114.171
Oldies Concert,25 Jul 2019 (Thu) 7:00pm,2019-07-25 7:00pm,Sha Tin Town Hall (Cultural Activities Hall),Cultural Presentations & Film - Pop Concerts,22.381,114.189
Singing Contest,"26 Jul 2019 (Fri) 2:00pm, 7:00pm",2019-07-26 14:00pm,Tai Po Civic Centre (Auditorium),Cultural Presentations & Film - Pop Concerts,22.4532,114.171
Singing Contest,"26 Jul 2019 (Fri) 2:00pm, 7:00pm",2019-07-26 19:00pm,Tai Po Civic Centre (Auditorium),Cultural Presentations & Film - Pop Concerts,22.4532,114.171
Oldies Concert - Happy to Learn to Sing,26 Jul 2019 (Fri) 7:15pm,2019-07-26 7:15pm,North District Town Hall (Auditorium),Cultural Presentations & Film - Pop Concerts,22.498,114.128
AXA Presents #FOLLOWMi Sammi Cheng World Tour - Hong Kong 2019,"12-16, 18-21, 23-24, 26-27 Jul 2019 (Fri-Sat) 8:15pm",2019-07-26 8:15pm,Hong Kong Coliseum (Arena),Cultural Presentations & Film - Pop Concerts,22.3019,114.1823
Oldies Concert,27 Jul 2019 (Sat) 7:00pm,2019-07-27 7:00pm,North District Town Hall (Auditorium),Cultural Presentations & Film - Pop Concerts,22.498,114.128
Pop Concert,27 July 2019 (Sat) 7:15pm,2019-07-27 7:15pm,Sai Wan Ho Civic Centre (Cultural Activities Hall),Cultural Presentations & Film - Pop Concerts,22.281,114.203
AXA Presents #FOLLOWMi Sammi Cheng World Tour - Hong Kong 2019,"12-16, 18-21, 23-24, 26-27 Jul 2019 (Fri-Sat) 8:15pm",2019-07-27 8:15pm,Hong Kong Coliseum (Arena),Cultural Presentations & Film - Pop Concerts,22.3019,114.1823
Singing Competition,28 Jul 2019 (Sun) 2:00pm,2019-07-28 2:00pm,North District Town Hall (Auditorium),Cultural Presentations & Film - Pop Concerts,22.498,114.128
Oldies Concert,28 Jul 2019 (Sun) 2:00pm,2019-07-28 2:00pm,Tai Po Civic Centre (Black Box Theatre),Cultural Presentations & Film - Pop Concerts,22.4532,114.171
Singing Allies Music Concert,28 Jul 2019 (Sun) 8:00pm,2019-07-28 8:00pm,Sha Tin Town Hall (Cultural Activities Hall),Cultural Presentations & Film - Pop Concerts,22.381,114.189
Oldies Concert,"29 Jul 2019 (Mon) 2:15pm, 7:15pm",2019-07-29 14:15pm,North District Town Hall (Auditorium),Cultural Presentations & Film - Pop Concerts,22.498,114.128
Oldies Concert,"29 Jul 2019 (Mon) 2:15pm, 7:15pm",2019-07-29 19:15pm,North District Town Hall (Auditorium),Cultural Presentations & Film - Pop Concerts,22.498,114.128
Oldies Concert,"30 Jul 2019 (Tue) 2:00pm, 7:00pm",2019-07-30 2:00pm,Tai Po Civic Centre (Auditorium),Cultural Presentations & Film - Pop Concerts,22.4532,114.171
Oldies Concert,30 Jul 2019 (Tue) 7:00pm,2019-07-30 7:00pm,North District Town Hall (Auditorium),Cultural Presentations & Film - Pop Concerts,22.498,114.128
Singing Concert,31 Jul 2019 (Wed) 7:00pm,2019-07-31 7:00pm,North District Town Hall (Auditorium),Cultural Presentations & Film - Pop Concerts,22.498,114.128
Annual Concert 2019,31 Jul 2019 (Wed) 7:30pm,2019-07-31 7:30pm,Sha Tin Town Hall (Cultural Activities Hall),Cultural Presentations & Film - Pop Concerts,22.381,114.189
Oldies Concert,"1 Aug 2019 (Thu) 2:00pm, 7:00pm",2019-08-01 2:00pm,Tai Po Civic Centre (Auditorium),Cultural Presentations & Film - Pop Concerts,22.4532,114.171
Oldies Concert,"1 Aug 2019 (Thu) 3:00pm, 7:15pm",2019-08-01 3:00pm,Sha Tin Town Hall (Cultural Activities Hall),Cultural Presentations & Film - Pop Concerts,22.381,114.189
高紅玫好友關愛行動演唱會,2 August 2019 (Fri) 7:15pm,2019-08-02 7:15pm,Sheung Wan Civic Centre (Lecture Hall),Cultural Presentations & Film - Pop Concerts,22.2783,114.1747
UKK in Concert,4 Aug 2019 (Mon) 2:15pm,2019-08-04 2:15pm,Sai Wan Ho Civic Centre (Cultural Activities Hall),Cultural Presentations & Film - Pop Concerts,22.281,114.203
Oldies Concert,4 Aug 2019 (Sun) 7:00pm,2019-08-04 7:00pm,Tai Po Civic Centre (Auditorium),Cultural Presentations & Film - Pop Concerts,22.4532,114.171
Pop Concert,4 Aug 2019 (Sun) 7:30pm,2019-08-04 7:30pm,Ngau Chi Wan Civic Centre (Theatre),Cultural Presentations & Film - Pop Concerts,22.314,114.229
Oldies Concert,"5 Aug 2019 (Mon) 2:00pm, 7:00pm",2019-08-05 14:00pm,Tai Po Civic Centre (Auditorium),Cultural Presentations & Film - Pop Concerts,22.4532,114.171
Various Artists Festival,"5 Aug 2019 (Wed) 2:15pm, 7:15pm",2019-08-05 14:15pm,Sai Wan Ho Civic Centre (Cultural Activities Hall),Cultural Presentations & Film - Pop Concerts,22.281,114.203
Oldies Concert,"5 Aug 2019 (Mon) 2:00pm, 7:00pm",2019-08-05 19:00pm,Tai Po Civic Centre (Auditorium),Cultural Presentations & Film - Pop Concerts,22.4532,114.171
Various Artists Festival,"5 Aug 2019 (Wed) 2:15pm, 7:15pm",2019-08-05 19:15pm,Sai Wan Ho Civic Centre (Cultural Activities Hall),Cultural Presentations & Film - Pop Concerts,22.281,114.203
Oldies Concert,"6 Aug 2019 (Tue) 2:00pm, 7:00pm",2019-08-06 14:00pm,Tai Po Civic Centre (Black Box Theatre),Cultural Presentations & Film - Pop Concerts,22.4532,114.171
Oldies Concert,"6 Aug 2019 (Tue) 2:00pm, 7:00pm",2019-08-06 19:00pm,Tai Po Civic Centre (Black Box Theatre),Cultural Presentations & Film - Pop Concerts,22.4532,114.171
Singing Contest,10 Aug 2019 (Sat) 2:15pm,2019-08-10 2:15pm,Tai Po Civic Centre (Auditorium),Cultural Presentations & Film - Pop Concerts,22.4532,114.171
Oldies Concert,"12 Aug 2019 (Mon) 2:00pm, 7:00pm",2019-08-12 14:00pm,Tai Po Civic Centre (Auditorium),Cultural Presentations & Film - Pop Concerts,22.4532,114.171
Oldies Concert,"12 Aug 2019 (Mon) 2:00pm, 7:00pm",2019-08-12 19:00pm,Tai Po Civic Centre (Auditorium),Cultural Presentations & Film - Pop Concerts,22.4532,114.171
Oldies Concert,"13 Aug 2019 (Tue) 2:00pm, 7:00pm",2019-08-13 14:00pm,Tai Po Civic Centre (Black Box Theatre),Cultural Presentations & Film - Pop Concerts,22.4532,114.171
群星匯演,"13 August 2019 (Tue) 2:15pm, 7:15pm",2019-08-13 14:15pm,Sheung Wan Civic Centre (Lecture Hall),Cultural Presentations & Film - Pop Concerts,22.2783,114.1747
Oldies Concert,"13 Aug 2019 (Tue) 2:00pm, 7:00pm",2019-08-13 19:00pm,Tai Po Civic Centre (Black Box Theatre),Cultural Presentations & Film - Pop Concerts,22.4532,114.171
群星匯演,"13 August 2019 (Tue) 2:15pm, 7:15pm",2019-08-13 19:15pm,Sheung Wan Civic Centre (Lecture Hall),Cultural Presentations & Film - Pop Concerts,22.2783,114.1747
Various Artists Festival,"14 Aug 2019 (Wed) 2:00pm, 7:00pm",2019-08-14 14:00pm,Tai Po Civic Centre (Black Box Theatre),Cultural Presentations & Film - Pop Concerts,22.4532,114.171
Various Artists Festival,"14 Aug 2019 (Wed) 2:00pm, 7:00pm",2019-08-14 19:00pm,Tai Po Civic Centre (Black Box Theatre),Cultural Presentations & Film - Pop Concerts,22.4532,114.171
YF Life PRETTY CRAZY Joey Yung Concert Tour,"5-11, 13-18, 20-24 Aug 2019 (Mon-Sat) 8:15pm",2019-08-20 8:15pm,Hong Kong Coliseum (Arena),Cultural Presentations & Film - Pop Concerts,22.3019,114.1823
YF Life PRETTY CRAZY Joey Yung Concert Tour,"5-11, 13-18, 20-24 Aug 2019 (Mon-Sat) 8:15pm",2019-08-21 8:15pm,Hong Kong Coliseum (Arena),Cultural Presentations & Film - Pop Concerts,22.3019,114.1823
懷舊金曲演唱會(十九)歡聚樂傾心,22 August 2019 (Thu) 7:15pm,2019-08-22 7:15pm,Sheung Wan Civic Centre (Lecture Hall),Cultural Presentations & Film - Pop Concerts,22.2783,114.1747
YF Life PRETTY CRAZY Joey Yung Concert Tour,"5-11, 13-18, 20-24 Aug 2019 (Mon-Sat) 8:15pm",2019-08-22 8:15pm,Hong Kong Coliseum (Arena),Cultural Presentations & Film - Pop Concerts,22.3019,114.1823
YF Life PRETTY CRAZY Joey Yung Concert Tour,"5-11, 13-18, 20-24 Aug 2019 (Mon-Sat) 8:15pm",2019-08-23 8:15pm,Hong Kong Coliseum (Arena),Cultural Presentations & Film - Pop Concerts,22.3019,114.1823
YF Life PRETTY CRAZY Joey Yung Concert Tour,"5-11, 13-18, 20-24 Aug 2019 (Mon-Sat) 8:15pm",2019-08-24 8:15pm,Hong Kong Coliseum (Arena),Cultural Presentations & Film - Pop Concerts,22.3019,114.1823
Oldies Concert,"26 Aug 2019 (Mon) 2:00pm, 7:00pm",2019-08-26 2:00pm,Tai Po Civic Centre (Black Box Theatre),Cultural Presentations & Film - Pop Concerts,22.4532,114.171
Oldies Concert,"26 Aug 2019 (Mon) 3:00pm, 7:00pm",2019-08-26 3:00pm,North District Town Hall (Auditorium),Cultural Presentations & Film - Pop Concerts,22.498,114.128
Oldies Concert,"26 Aug 2019 (Mon) 3:00pm, 7:15pm",2019-08-26 3:00pm,Sha Tin Town Hall (Cultural Activities Hall),Cultural Presentations & Film - Pop Concerts,22.381,114.189
Oldies Concert,26 Aug 2019 (Mon) 7:00pm,2019-08-26 7:00pm,Tai Po Civic Centre (Auditorium),Cultural Presentations & Film - Pop Concerts,22.4532,114.171
Song of Memory,"27 Aug 2019 (Tue) 3:15pm, 7:00pm",2019-08-27 15:15pm,Tai Po Civic Centre (Black Box Theatre),Cultural Presentations & Film - Pop Concerts,22.4532,114.171
Song of Memory,"27 Aug 2019 (Tue) 3:15pm, 7:00pm",2019-08-27 19:00pm,Tai Po Civic Centre (Black Box Theatre),Cultural Presentations & Film - Pop Concerts,22.4532,114.171
Oldies Concert,28 Aug 2019 (Wed) 7:00pm,2019-08-28 7:00pm,North District Town Hall (Auditorium),Cultural Presentations & Film - Pop Concerts,22.498,114.128
Oldies Concert,"29 Aug 2019 (Thu) 3:00pm, 7:00pm",2019-08-29 15:00pm,Tai Po Civic Centre (Auditorium),Cultural Presentations & Film - Pop Concerts,22.4532,114.171
Oldies Concert,"29 Aug 2019 (Thu) 3:00pm, 7:00pm",2019-08-29 19:00pm,Tai Po Civic Centre (Auditorium),Cultural Presentations & Film - Pop Concerts,22.4532,114.171
Tiffany Lau Vocal Performance Academy Annual Concert 2019,29 Aug 2019 (Thu) 7:30pm,2019-08-29 7:30pm,Sha Tin Town Hall (Cultural Activities Hall),Cultural Presentations & Film - Pop Concerts,22.381,114.189
Oldies Concert,30 Aug 2019 (Fri) 7:00pm,2019-08-30 7:00pm,Tai Po Civic Centre (Auditorium),Cultural Presentations & Film - Pop Concerts,22.4532,114.171
Oldies Concert,"2 Sep 2019 (Mon) 2:00pm, 7:00pm",2019-09-02 14:00pm,Tai Po Civic Centre (Auditorium),Cultural Presentations & Film - Pop Concerts,22.4532,114.171
Various Artists Festival,"2 Sep 2019 (Mon) 2:15pm, 7:15pm",2019-09-02 14:15pm,Sai Wan Ho Civic Centre (Cultural Activities Hall),Cultural Presentations & Film - Pop Concerts,22.281,114.203
Oldies Concert,"2 Sep 2019 (Mon) 2:00pm, 7:00pm",2019-09-02 19:00pm,Tai Po Civic Centre (Auditorium),Cultural Presentations & Film - Pop Concerts,22.4532,114.171
Various Artists Festival,"2 Sep 2019 (Mon) 2:15pm, 7:15pm",2019-09-02 19:15pm,Sai Wan Ho Civic Centre (Cultural Activities Hall),Cultural Presentations & Film - Pop Concerts,22.281,114.203
Aman Rose Thumbs & Bottoms Up Concert,2 September 2019 (Mon) 7:45pm,2019-09-02 7:45pm,Sheung Wan Civic Centre (Theatre),Cultural Presentations & Film - Pop Concerts,22.2783,114.1747
Oldies Concert,"3 Sep 2019 (Tue) 2:00pm, 7:00pm",2019-09-03 14:00pm,North District Town Hall (Auditorium),Cultural Presentations & Film - Pop Concerts,22.498,114.128
Oldies Concert,"3 Sep 2019 (Tue) 2:00pm, 7:00pm",2019-09-03 19:00pm,North District Town Hall (Auditorium),Cultural Presentations & Film - Pop Concerts,22.498,114.128
Various Artists Festival,"4 Sep 2019 (Wed) 2:00pm, 7:00pm",2019-09-04 14:00pm,Tai Po Civic Centre (Black Box Theatre),Cultural Presentations & Film - Pop Concerts,22.4532,114.171
Oldies Concert,"4 Sep 2019 (Wed) 2:15pm, 7:15pm",2019-09-04 14:15pm,North District Town Hall (Auditorium),Cultural Presentations & Film - Pop Concerts,22.498,114.128
Various Artists Festival,"4 Sep 2019 (Wed) 2:00pm, 7:00pm",2019-09-04 19:00pm,Tai Po Civic Centre (Black Box Theatre),Cultural Presentations & Film - Pop Concerts,22.4532,114.171
Oldies Concert,"4 Sep 2019 (Wed) 2:15pm, 7:15pm",2019-09-04 19:15pm,North District Town Hall (Auditorium),Cultural Presentations & Film - Pop Concerts,22.498,114.128
Oldies Concert,"5 Sep 2019 (Thu) 2:00pm, 7:00pm",2019-09-05 2:00pm,Tai Po Civic Centre (Black Box Theatre),Cultural Presentations & Film - Pop Concerts,22.4532,114.171
Oldies Concert,"5 Sep 2019 (Thu) 2:00pm, 7:00pm",2019-09-05 2:00pm,Sha Tin Town Hall (Cultural Activities Hall),Cultural Presentations & Film - Pop Concerts,22.381,114.189
Oldies Concert,"6 Sep 2019 (Fri) 2:00pm, 7:00pm",2019-09-06 2:00pm,Tai Po Civic Centre (Black Box Theatre),Cultural Presentations & Film - Pop Concerts,22.4532,114.171
Oldies Concert,6 Sep 2019 (Fri) 7:00pm,2019-09-06 7:00pm,North District Town Hall (Auditorium),Cultural Presentations & Film - Pop Concerts,22.498,114.128
Singing Concert,6 Sep 2019 (Fri) 7:00pm,2019-09-06 7:00pm,Tai Po Civic Centre (Auditorium),Cultural Presentations & Film - Pop Concerts,22.4532,114.171
UKK In Concert,8 September 2019 (Sun) 7:15pm,2019-09-08 7:15pm,Sheung Wan Civic Centre (Lecture Hall),Cultural Presentations & Film - Pop Concerts,22.2783,114.1747
Oldies Concert,"10 Sep 2019 (Tue) 2:00pm, 7:00pm",2019-09-10 2:00pm,Tai Po Civic Centre (Black Box Theatre),Cultural Presentations & Film - Pop Concerts,22.4532,114.171
華Sing匯聚勁爭fight,10 September 2019 (Tue) 7:15pm,2019-09-10 7:15pm,Sheung Wan Civic Centre (Lecture Hall),Cultural Presentations & Film - Pop Concerts,22.2783,114.1747
Oldies Concert,10 Sep 2019 (Tue) 7:15pm,2019-09-10 7:15pm,Sai Wan Ho Civic Centre (Theatre),Cultural Presentations & Film - Pop Concerts,22.281,114.203
寶珠群星匯,"11 September 2019 (Wed) 2:15pm, 7:15pm",2019-09-11 14:15pm,Sheung Wan Civic Centre (Lecture Hall),Cultural Presentations & Film - Pop Concerts,22.2783,114.1747
寶珠群星匯,"11 September 2019 (Wed) 2:15pm, 7:15pm",2019-09-11 19:15pm,Sheung Wan Civic Centre (Lecture Hall),Cultural Presentations & Film - Pop Concerts,22.2783,114.1747
Oldies Concert,11 Sep 2019 (Wed) 7:00pm,2019-09-11 7:00pm,North District Town Hall (Auditorium),Cultural Presentations & Film - Pop Concerts,22.498,114.128
Oldies Concert,11 Sep 2019 (Wed) 7:00pm,2019-09-11 7:00pm,Tai Po Civic Centre (Black Box Theatre),Cultural Presentations & Film - Pop Concerts,22.4532,114.171
Pop Concert,11 Sep 2019 (Wed) 7:30pm,2019-09-11 7:30pm,Ngau Chi Wan Civic Centre (Theatre),Cultural Presentations & Film - Pop Concerts,22.314,114.229
Our title songs concert,11-12 Sep 2019 (Wed - Thu) 8:15pm,2019-09-11 8:15pm,Queen Elizabeth Stadium (Arena),Cultural Presentations & Film - Pop Concerts,22.2787,114.1822
Pop Concert,"12 Sep 2019 (Thu) 2:15pm, 7:15pm",2019-09-12 14:15pm,Ngau Chi Wan Civic Centre (Theatre),Cultural Presentations & Film - Pop Concerts,22.314,114.229
Pop Concert,"12 Sep 2019 (Thu) 2:15pm, 7:15pm",2019-09-12 19:15pm,Ngau Chi Wan Civic Centre (Theatre),Cultural Presentations & Film - Pop Concerts,22.314,114.229
Oldies Concert,"12 Sep 2019 (Thu) 2:00pm, 7:00pm",2019-09-12 2:00pm,Tai Po Civic Centre (Black Box Theatre),Cultural Presentations & Film - Pop Concerts,22.4532,114.171
Oldies Concert,12 Sep 2019 (Thu) 7:00pm,2019-09-12 7:00pm,Tai Po Civic Centre (Auditorium),Cultural Presentations & Film - Pop Concerts,22.4532,114.171
Our title songs concert,11-12 Sep 2019 (Wed - Thu) 8:15pm,2019-09-12 8:15pm,Queen Elizabeth Stadium (Arena),Cultural Presentations & Film - Pop Concerts,22.2787,114.1822
Oldies Concert,"13 Sep 2019 (Fri) 2:00pm, 7:00pm",2019-09-13 2:00pm,Tai Po Civic Centre (Black Box Theatre),Cultural Presentations & Film - Pop Concerts,22.4532,114.171
Oldies Concert,"13 Sep 2019 (Fri) 2:00pm, 7:00pm",2019-09-13 2:00pm,North District Town Hall (Auditorium),Cultural Presentations & Film - Pop Concerts,22.498,114.128
Oldies Concert,13 Sep 2019 (Fri) 7:00pm,2019-09-13 7:00pm,Tai Po Civic Centre (Auditorium),Cultural Presentations & Film - Pop Concerts,22.4532,114.171
Trip.com presents KENNY IS BORN Kenny Kwan in Concert,13-14 Sep 2019 (Fri-Sat) 8:15pm,2019-09-13 8:15pm,Hong Kong Coliseum (Arena),Cultural Presentations & Film - Pop Concerts,22.3019,114.1823
Oldies Concert,"14 Sep 2019 (Sat) 3:00pm, 7:00pm",2019-09-14 15:00pm,Tai Po Civic Centre (Auditorium),Cultural Presentations & Film - Pop Concerts,22.4532,114.171
Oldies Concert,"14 Sep 2019 (Sat) 3:00pm, 7:00pm",2019-09-14 19:00pm,Tai Po Civic Centre (Auditorium),Cultural Presentations & Film - Pop Concerts,22.4532,114.171
Celebrate the National Day Concert,14 Sep 2019 (Sat) 7:15pm,2019-09-14 7:15pm,North District Town Hall (Auditorium),Cultural Presentations & Film - Pop Concerts,22.498,114.128
Trip.com presents KENNY IS BORN Kenny Kwan in Concert,13-14 Sep 2019 (Fri-Sat) 8:15pm,2019-09-14 8:15pm,Hong Kong Coliseum (Arena),Cultural Presentations & Film - Pop Concerts,22.3019,114.1823
Oldies Concert,15 Sep 2019 (Sun) 7:00pm,2019-09-15 7:00pm,North District Town Hall (Auditorium),Cultural Presentations & Film - Pop Concerts,22.498,114.128
Singing Concert,16 Sep 2019 (Mon) 7:00pm,2019-09-16 7:00pm,North District Town Hall (Auditorium),Cultural Presentations & Film - Pop Concerts,22.498,114.128
歌舞昇平同樂日,"17 September 2019 (Tue) 2:15pm, 7:15pm",2019-09-17 14:15pm,Sheung Wan Civic Centre (Theatre),Cultural Presentations & Film - Pop Concerts,22.2783,114.1747
歌舞昇平同樂日,"17 September 2019 (Tue) 2:15pm, 7:15pm",2019-09-17 19:15pm,Sheung Wan Civic Centre (Theatre),Cultural Presentations & Film - Pop Concerts,22.2783,114.1747
"Power Station in Concert Country Blues""""",17 September 2019 (Tue) 7:30pm,2019-09-17 7:30pm,Sheung Wan Civic Centre (Lecture Hall),Cultural Presentations & Film - Pop Concerts,22.2783,114.1747
Pop Concert,"19 Sep 2019 (Thu) 2:15pm, 7:15pm",2019-09-19 14:15pm,Ngau Chi Wan Civic Centre (Theatre),Cultural Presentations & Film - Pop Concerts,22.314,114.229
Pop Concert,"19 Sep 2019 (Thu) 2:15pm, 7:15pm",2019-09-19 19:15pm,Ngau Chi Wan Civic Centre (Theatre),Cultural Presentations & Film - Pop Concerts,22.314,114.229
Oldies Concert,"19 Sep 2019 (Thu) 2:00pm, 7:00pm",2019-09-19 2:00pm,Tai Po Civic Centre (Auditorium),Cultural Presentations & Film - Pop Concerts,22.4532,114.171
Oldies Concert,19 Sep 2019 (Thu) 7:15pm,2019-09-19 7:15pm,North District Town Hall (Auditorium),Cultural Presentations & Film - Pop Concerts,22.498,114.128
McDonald’s #FeelinGood Jan Lamb Happy Monday Standup 2019,19-25 Sep 2019 (Thu-Wed) 8:15pm,2019-09-19 8:15pm,Hong Kong Coliseum (Arena),Cultural Presentations & Film - Pop Concerts,22.3019,114.1823
Oldies Concert,"20 Sep 2019 (Fri) 2:00pm, 7:00pm",2019-09-20 2:00pm,North District Town Hall (Auditorium),Cultural Presentations & Film - Pop Concerts,22.498,114.128
Oldies Concert,20 Sep 2019 (Fri) 7:00pm,2019-09-20 7:00pm,Tai Po Civic Centre (Auditorium),Cultural Presentations & Film - Pop Concerts,22.4532,114.171
Donald Cheung 40th Anniversary Concert,20-22 Sep 2019 (Fri - Sun) 8:00pm,2019-09-20 8:00pm,Queen Elizabeth Stadium (Arena),Cultural Presentations & Film - Pop Concerts,22.2787,114.1822
McDonald’s #FeelinGood Jan Lamb Happy Monday Standup 2019,19-25 Sep 2019 (Thu-Wed) 8:15pm,2019-09-20 8:15pm,Hong Kong Coliseum (Arena),Cultural Presentations & Film - Pop Concerts,22.3019,114.1823
Oldies Concert,"21 Sep 2019 (Sat) 2:00pm, 7:00pm",2019-09-21 14:00pm,Tai Po Civic Centre (Black Box Theatre),Cultural Presentations & Film - Pop Concerts,22.4532,114.171
Oldies Concert,"21 Sep 2019 (Sat) 2:00pm, 7:00pm",2019-09-21 19:00pm,Tai Po Civic Centre (Black Box Theatre),Cultural Presentations & Film - Pop Concerts,22.4532,114.171
Donald Cheung 40th Anniversary Concert,20-22 Sep 2019 (Fri - Sun) 8:00pm,2019-09-21 8:00pm,Queen Elizabeth Stadium (Arena),Cultural Presentations & Film - Pop Concerts,22.2787,114.1822
McDonald’s #FeelinGood Jan Lamb Happy Monday Standup 2019,19-25 Sep 2019 (Thu-Wed) 8:15pm,2019-09-21 8:15pm,Hong Kong Coliseum (Arena),Cultural Presentations & Film - Pop Concerts,22.3019,114.1823
Donald Cheung 40th Anniversary Concert,20-22 Sep 2019 (Fri - Sun) 8:00pm,2019-09-22 8:00pm,Queen Elizabeth Stadium (Arena),Cultural Presentations & Film - Pop Concerts,22.2787,114.1822
McDonald’s #FeelinGood Jan Lamb Happy Monday Standup 2019,19-25 Sep 2019 (Thu-Wed) 8:15pm,2019-09-22 8:15pm,Hong Kong Coliseum (Arena),Cultural Presentations & Film - Pop Concerts,22.3019,114.1823
Oldies Concert,"23 Sep 2019 (Mon) 2:15pm, 7:15pm",2019-09-23 2:15pm,Tai Po Civic Centre (Auditorium),Cultural Presentations & Film - Pop Concerts,22.4532,114.171
Oldies Concert,23 Sep 2019 (Mon) 7:00pm,2019-09-23 7:00pm,Sha Tin Town Hall (Cultural Activities Hall),Cultural Presentations & Film - Pop Concerts,22.381,114.189
Pop Concert,23 Sep 2019 (Mon) 7:15pm,2019-09-23 7:15pm,Ngau Chi Wan Civic Centre (Theatre),Cultural Presentations & Film - Pop Concerts,22.314,114.229
McDonald’s #FeelinGood Jan Lamb Happy Monday Standup 2019,19-25 Sep 2019 (Thu-Wed) 8:15pm,2019-09-23 8:15pm,Hong Kong Coliseum (Arena),Cultural Presentations & Film - Pop Concerts,22.3019,114.1823
Pop Concert,"24 Sep 2019 (Tue) 2:15pm, 7:15pm",2019-09-24 14:15pm,Ngau Chi Wan Civic Centre (Theatre),Cultural Presentations & Film - Pop Concerts,22.314,114.229
Pop Concert,"24 Sep 2019 (Tue) 2:15pm, 7:15pm",2019-09-24 19:15pm,Ngau Chi Wan Civic Centre (Theatre),Cultural Presentations & Film - Pop Concerts,22.314,114.229
Oldies Concert,"24 Sep 2019 (Tue) 1:00pm, 7:30pm",2019-09-24 1:00pm,Tai Po Civic Centre (Auditorium),Cultural Presentations & Film - Pop Concerts,22.4532,114.171
Oldies Concert,"24 Sep 2019 (Tue) 2:00pm, 7:00pm",2019-09-24 2:00pm,Tai Po Civic Centre (Black Box Theatre),Cultural Presentations & Film - Pop Concerts,22.4532,114.171
Oldies Concert,24 Sep 2019 (Tue) 7:00pm,2019-09-24 7:00pm,North District Town Hall (Auditorium),Cultural Presentations & Film - Pop Concerts,22.498,114.128
Oldies Concert,24 Sep 2019 (Tue) 7:15pm,2019-09-24 7:15pm,Sha Tin Town Hall (Cultural Activities Hall),Cultural Presentations & Film - Pop Concerts,22.381,114.189
初秋金曲晚唱(24),24 September 2019 (Tue) 7:15pm,2019-09-24 7:15pm,Sheung Wan Civic Centre (Theatre),Cultural Presentations & Film - Pop Concerts,22.2783,114.1747
McDonald’s #FeelinGood Jan Lamb Happy Monday Standup 2019,19-25 Sep 2019 (Thu-Wed) 8:15pm,2019-09-24 8:15pm,Hong Kong Coliseum (Arena),Cultural Presentations & Film - Pop Concerts,22.3019,114.1823
高紅玫好友關愛行動演唱會,"25 September 2019 (Wed) 3:30pm, 7:15pm",2019-09-25 15:30pm,Sheung Wan Civic Centre (Lecture Hall),Cultural Presentations & Film - Pop Concerts,22.2783,114.1747
高紅玫好友關愛行動演唱會,"25 September 2019 (Wed) 3:30pm, 7:15pm",2019-09-25 19:15pm,Sheung Wan Civic Centre (Lecture Hall),Cultural Presentations & Film - Pop Concerts,22.2783,114.1747
Oldies Concert,"25 Sep 2019 (Wed) 2:00pm, 7:00pm",2019-09-25 2:00pm,Tai Po Civic Centre (Auditorium),Cultural Presentations & Film - Pop Concerts,22.4532,114.171
Oldies Concert,"25 Sep 2019 (Wed) 2:15pm, 7:15pm",2019-09-25 2:15pm,North District Town Hall (Auditorium),Cultural Presentations & Film - Pop Concerts,22.498,114.128
Singing Concert,25 Sep 2019 (Wed) 7:00pm,2019-09-25 7:00pm,Sha Tin Town Hall (Cultural Activities Hall),Cultural Presentations & Film - Pop Concerts,22.381,114.189
McDonald’s #FeelinGood Jan Lamb Happy Monday Standup 2019,19-25 Sep 2019 (Thu-Wed) 8:15pm,2019-09-25 8:15pm,Hong Kong Coliseum (Arena),Cultural Presentations & Film - Pop Concerts,22.3019,114.1823
Oldies Concert,"26 Sep 2019 (Thu) 2:00pm, 7:00pm",2019-09-26 2:00pm,North District Town Hall (Auditorium),Cultural Presentations & Film - Pop Concerts,22.498,114.128
Oldies Concert,26 Sep 2019 (Thu) 7:00pm,2019-09-26 7:00pm,Sha Tin Town Hall (Cultural Activities Hall),Cultural Presentations & Film - Pop Concerts,22.381,114.189
Oldies Concert,26 Sep 2019 (Thu) 7:15pm,2019-09-26 7:15pm,Tai Po Civic Centre (Auditorium),Cultural Presentations & Film - Pop Concerts,22.4532,114.171
Oldies Concert,"27 Sep 2019 (Fri) 2:00pm, 7:00pm",2019-09-27 2:00pm,Tai Po Civic Centre (Auditorium),Cultural Presentations & Film - Pop Concerts,22.4532,114.171
Oldies Concert,27 Sep 2019 (Fri) 7:15pm,2019-09-27 7:15pm,Sha Tin Town Hall (Cultural Activities Hall),Cultural Presentations & Film - Pop Concerts,22.381,114.189
The Singing Contest of Shatin Choir Members (Final) 2019,29 Sep 2019 (Sun) 7:30pm,2019-09-29 7:30pm,Sha Tin Town Hall (Cultural Activities Hall),Cultural Presentations & Film - Pop Concerts,22.381,114.189
Oldies Concert,"30 Sep 2019 (Mon) 2:00pm, 7:00pm",2019-09-30 14:00pm,Tai Po Civic Centre (Auditorium),Cultural Presentations & Film - Pop Concerts,22.4532,114.171
Oldies Concert,"30 Sep 2019 (Mon) 2:00pm, 7:00pm",2019-09-30 19:00pm,Tai Po Civic Centre (Auditorium),Cultural Presentations & Film - Pop Concerts,22.4532,114.171
Oldies Concert,"1 Oct 2019 (Tue) 2:00pm, 7:00pm",2019-10-01 2:00pm,Tai Po Civic Centre (Black Box Theatre),Cultural Presentations & Film - Pop Concerts,22.4532,114.171
UKK In Concert,1 Oct 2019 (Tue) 2:30pm,2019-10-01 2:30pm,Ngau Chi Wan Civic Centre (Cultural Activities Hall),Cultural Presentations & Film - Pop Concerts,22.314,114.229
Oldies Concert,1 Oct 2019 (Tue) 7:15pm,2019-10-01 7:15pm,North District Town Hall (Auditorium),Cultural Presentations & Film - Pop Concerts,22.498,114.128
Oldies Concert,"2 Oct 2019 (Wed) 2:00pm, 7:00pm",2019-10-02 14:00pm,North District Town Hall (Auditorium),Cultural Presentations & Film - Pop Concerts,22.498,114.128
Oldies Concert,"2 Oct 2019 (Wed) 2:00pm, 7:00pm",2019-10-02 19:00pm,North District Town Hall (Auditorium),Cultural Presentations & Film - Pop Concerts,22.498,114.128
Oldies Concert,"3 Oct 2019 (Thu) 2:15pm, 7:15pm",2019-10-03 14:15pm,Sai Wan Ho Civic Centre (Cultural Activities Hall),Cultural Presentations & Film - Pop Concerts,22.281,114.203
Oldies Concert,"3 Oct 2019 (Thu) 2:15pm, 7:15pm",2019-10-03 19:15pm,Sai Wan Ho Civic Centre (Cultural Activities Hall),Cultural Presentations & Film - Pop Concerts,22.281,114.203
A Date with Rainbow,3 October 2019 (Thur) 7:30pm,2019-10-03 7:30pm,Sheung Wan Civic Centre (Theatre),Cultural Presentations & Film - Pop Concerts,22.2783,114.1747
Various Artists Festival,"5 Oct 2019 (Sat) 2:15pm, 7:15pm",2019-10-05 14:15pm,Ngau Chi Wan Civic Centre (Cultural Activities Hall),Cultural Presentations & Film - Pop Concerts,22.314,114.229
Various Artists Festival,"5 Oct 2019 (Sat) 2:15pm, 7:15pm",2019-10-05 19:15pm,Ngau Chi Wan Civic Centre (Cultural Activities Hall),Cultural Presentations & Film - Pop Concerts,22.314,114.229
Oldies Concert,"6 Oct 2019 (Sun) 3:00pm, 7:00pm",2019-10-06 15:00pm,Tai Po Civic Centre (Black Box Theatre),Cultural Presentations & Film - Pop Concerts,22.4532,114.171
Oldies Concert,"6 Oct 2019 (Sun) 3:00pm, 7:00pm",2019-10-06 19:00pm,Tai Po Civic Centre (Black Box Theatre),Cultural Presentations & Film - Pop Concerts,22.4532,114.171
Time Beyond Time,6-7 Oct 2019 (Sun-Mon) 7:30pm,2019-10-06 7:30pm,Ngau Chi Wan Civic Centre (Theatre),Cultural Presentations & Film - Pop Concerts,22.314,114.229
Oldies Concert,"7 Oct 2019 (Mon) 2:00pm, 7:00pm",2019-10-07 14:00pm,North District Town Hall (Auditorium),Cultural Presentations & Film - Pop Concerts,22.498,114.128
Oldies Concert,"7 Oct 2019 (Mon) 2:00pm, 7:00pm",2019-10-07 19:00pm,North District Town Hall (Auditorium),Cultural Presentations & Film - Pop Concerts,22.498,114.128
Time Beyond Time,6-7 Oct 2019 (Sun-Mon) 7:30pm,2019-10-07 7:30pm,Ngau Chi Wan Civic Centre (Theatre),Cultural Presentations & Film - Pop Concerts,22.314,114.229
寶珠群星匯,"8 October 2019 (Tue) 2:15pm, 7:15pm",2019-10-08 14:15pm,Sheung Wan Civic Centre (Lecture Hall),Cultural Presentations & Film - Pop Concerts,22.2783,114.1747
寶珠群星匯,"8 October 2019 (Tue) 2:15pm, 7:15pm",2019-10-08 19:15pm,Sheung Wan Civic Centre (Lecture Hall),Cultural Presentations & Film - Pop Concerts,22.2783,114.1747
Oldies Concert,"8 Oct 2019 (Tue) 2:00pm, 7:00pm",2019-10-08 2:00pm,Tai Po Civic Centre (Black Box Theatre),Cultural Presentations & Film - Pop Concerts,22.4532,114.171
Oldies Concert,"8 Oct 2019 (Tue) 2:00pm, 7:00pm",2019-10-08 2:00pm,North District Town Hall (Auditorium),Cultural Presentations & Film - Pop Concerts,22.498,114.128
Pop Concert,8 Oct 2019 (Tue) 7:15pm,2019-10-08 7:15pm,Ngau Chi Wan Civic Centre (Theatre),Cultural Presentations & Film - Pop Concerts,22.314,114.229
Oldies Concert,"9 Oct 2019 (Wed) 2:15pm, 7:15pm",2019-10-09 14:15pm,Tai Po Civic Centre (Auditorium),Cultural Presentations & Film - Pop Concerts,22.4532,114.171
Oldies Concert,"9 Oct 2019 (Wed) 2:15pm, 7:15pm",2019-10-09 19:15pm,Tai Po Civic Centre (Auditorium),Cultural Presentations & Film - Pop Concerts,22.4532,114.171
Pop Concert,9 Oct 2019 (Wed) 7:15pm,2019-10-09 7:15pm,Ngau Chi Wan Civic Centre (Theatre),Cultural Presentations & Film - Pop Concerts,22.314,114.229
FILA Presents: kay... isn't me. Live 2019,9-12 October 2019 (Wed-Sat) 8:15pm,2019-10-09 8:15pm,Hong Kong Coliseum (Arena),Cultural Presentations & Film - Pop Concerts,22.3019,114.1823
Oldies Concert,"10 Oct 2019 (Thu) 2:00pm, 7:00pm",2019-10-10 2:00pm,Tai Po Civic Centre (Auditorium),Cultural Presentations & Film - Pop Concerts,22.4532,114.171
Oldies Concert,10 Oct 2019 (Thu) 7:00pm,2019-10-10 7:00pm,North District Town Hall (Auditorium),Cultural Presentations & Film - Pop Concerts,22.498,114.128
FILA Presents: kay... isn't me. Live 2019,9-12 October 2019 (Wed-Sat) 8:15pm,2019-10-10 8:15pm,Hong Kong Coliseum (Arena),Cultural Presentations & Film - Pop Concerts,22.3019,114.1823
Singing Concert,11 Oct 2019 (Fri) 7:00pm,2019-10-11 7:00pm,North District Town Hall (Auditorium),Cultural Presentations & Film - Pop Concerts,22.498,114.128
FILA Presents: kay... isn't me. Live 2019,9-12 October 2019 (Wed-Sat) 8:15pm,2019-10-11 8:15pm,Hong Kong Coliseum (Arena),Cultural Presentations & Film - Pop Concerts,22.3019,114.1823
FILA Presents: kay... isn't me. Live 2019,9-12 October 2019 (Wed-Sat) 8:15pm,2019-10-12 8:15pm,Hong Kong Coliseum (Arena),Cultural Presentations & Film - Pop Concerts,22.3019,114.1823
Pop Concert,13 Oct 2019 (Sun) 7:15pm,2019-10-13 7:15pm,Tai Po Civic Centre (Black Box Theatre),Cultural Presentations & Film - Pop Concerts,22.4532,114.171
Sing's Power Live Band Show 6 - Singer,14 October 2019 (Mon) 7:15pm,2019-10-14 7:15pm,Sheung Wan Civic Centre (Theatre),Cultural Presentations & Film - Pop Concerts,22.2783,114.1747
Oldies Concert,"15 Oct 2019 (Tue) 2:00pm, 7:00pm",2019-10-15 14:00pm,North District Town Hall (Auditorium),Cultural Presentations & Film - Pop Concerts,22.498,114.128
Oldies Concert,"15 Oct 2019 (Tue) 2:00pm, 7:00pm",2019-10-15 19:00pm,North District Town Hall (Auditorium),Cultural Presentations & Film - Pop Concerts,22.498,114.128
Oldies Concert,"16 Oct 2019 (Wed) 2:15pm, 7:15pm",2019-10-16 14:15pm,North District Town Hall (Auditorium),Cultural Presentations & Film - Pop Concerts,22.498,114.128
Oldies Concert,"16 Oct 2019 (Wed) 2:15pm, 7:15pm",2019-10-16 19:15pm,North District Town Hall (Auditorium),Cultural Presentations & Film - Pop Concerts,22.498,114.128
Oldies Concert,17 Oct 2019 (Thu) 7:00pm,2019-10-17 7:00pm,North District Town Hall (Auditorium),Cultural Presentations & Film - Pop Concerts,22.498,114.128
(Oldies Concert),17 Oct 2019 (Thu) 8:00pm,2019-10-17 8:00pm,Sha Tin Town Hall (Auditorium),Cultural Presentations & Film - Pop Concerts,22.381,114.189
Oldies Concert,18 Oct 2019 (Fri) 7:30pm,2019-10-18 7:30pm,North District Town Hall (Auditorium),Cultural Presentations & Film - Pop Concerts,22.498,114.128
"To Hear with Love"" Charity Concert 2019""",19 Oct 2019 (Sat) 3pm (Performance time is changed to 3pm),2019-10-19 8:00pm,Queen Elizabeth Stadium (Arena),Cultural Presentations & Film - Pop Concerts,22.2787,114.1822
第36屆中西區流行歌曲歌唱比賽總決賽暨頒獎典禮,20 October 2019 (Sun) 7:30pm,2019-10-20 7:30pm,Sheung Wan Civic Centre (Theatre),Cultural Presentations & Film - Pop Concerts,22.2783,114.1747
Oldies Concert,"21 Oct 2019 (Mon) 3:00pm, 7:00pm",2019-10-21 3:00pm,Tai Po Civic Centre (Auditorium),Cultural Presentations & Film - Pop Concerts,22.4532,114.171
Oldies Concert,21 Oct 2019 (Mon) 7:00pm,2019-10-21 7:00pm,North District Town Hall (Auditorium),Cultural Presentations & Film - Pop Concerts,22.498,114.128
Oldies Concert,"22 Oct 2019 (Tue) 2:00pm, 7:00pm",2019-10-22 14:00pm,Tai Po Civic Centre (Auditorium),Cultural Presentations & Film - Pop Concerts,22.4532,114.171
Oldies Concert,"22 Oct 2019 (Tue) 2:00pm, 7:00pm",2019-10-22 19:00pm,Tai Po Civic Centre (Auditorium),Cultural Presentations & Film - Pop Concerts,22.4532,114.171
Oldies Concert,23 Oct 2019 (Wed) 7:00pm,2019-10-23 7:00pm,Tai Po Civic Centre (Auditorium),Cultural Presentations & Film - Pop Concerts,22.4532,114.171
Oldies Concert,"25 Oct 2019 (Fri) 3:00pm, 7:00pm",2019-10-25 15:00pm,North District Town Hall (Auditorium),Cultural Presentations & Film - Pop Concerts,22.498,114.128
Oldies Concert,"25 Oct 2019 (Fri) 3:00pm, 7:00pm",2019-10-25 19:00pm,North District Town Hall (Auditorium),Cultural Presentations & Film - Pop Concerts,22.498,114.128
Sing's Club Concert - Masquerade,25 Oct 2019 (Fri) 7:00pm,2019-10-25 7:00pm,Tai Po Civic Centre (Auditorium),Cultural Presentations & Film - Pop Concerts,22.4532,114.171
Memorigin presents Remus Choy Onederful Live Show 2019 (Programme Cancellation),26-28 Oct 2019 (Sat-Mon) 8:15pm,2019-10-26 8:15pm,Queen Elizabeth Stadium (Arena),Cultural Presentations & Film - Pop Concerts,22.2787,114.1822
UnionPay presents Cheer Chen/Cheer 20 HK (Programme cancelled),26-27 October 2019 (Sat & Sun) 8:15pm,2019-10-26 8:15pm,Hong Kong Coliseum (Arena),Cultural Presentations & Film - Pop Concerts,22.3019,114.1823
Oldies Concert,"27 Oct 2019 (Sun) 2:00pm, 7:00pm",2019-10-27 14:00pm,Tai Po Civic Centre (Black Box Theatre),Cultural Presentations & Film - Pop Concerts,22.4532,114.171
Oldies Concert,"27 Oct 2019 (Sun) 2:00pm, 7:00pm",2019-10-27 19:00pm,Tai Po Civic Centre (Black Box Theatre),Cultural Presentations & Film - Pop Concerts,22.4532,114.171
Memorigin presents Remus Choy Onederful Live Show 2019 (Programme Cancellation),26-28 Oct 2019 (Sat-Mon) 8:15pm,2019-10-27 8:15pm,Queen Elizabeth Stadium (Arena),Cultural Presentations & Film - Pop Concerts,22.2787,114.1822
UnionPay presents Cheer Chen/Cheer 20 HK (Programme cancelled),26-27 October 2019 (Sat & Sun) 8:15pm,2019-10-27 8:15pm,Hong Kong Coliseum (Arena),Cultural Presentations & Film - Pop Concerts,22.3019,114.1823
(Oldies Concert),"28 Oct 2019 (Mon) 3:00pm, 7:00pm",2019-10-28 15:00pm,Sha Tin Town Hall (Cultural Activities Hall),Cultural Presentations & Film - Pop Concerts,22.381,114.189
(Oldies Concert),"28 Oct 2019 (Mon) 3:00pm, 7:00pm",2019-10-28 19:00pm,Sha Tin Town Hall (Cultural Activities Hall),Cultural Presentations & Film - Pop Concerts,22.381,114.189
Memorigin presents Remus Choy Onederful Live Show 2019 (Programme Cancellation),26-28 Oct 2019 (Sat-Mon) 8:15pm,2019-10-28 8:15pm,Queen Elizabeth Stadium (Arena),Cultural Presentations & Film - Pop Concerts,22.2787,114.1822
(Oldies Concert),29 Oct 2019 (Tue) 8:00pm,2019-10-29 8:00pm,Sha Tin Town Hall (Cultural Activities Hall),Cultural Presentations & Film - Pop Concerts,22.381,114.189
Oldies Concert,"30 Oct 2019 (Wed) 2:00pm, 7:00pm",2019-10-30 2:00pm,North District Town Hall (Auditorium),Cultural Presentations & Film - Pop Concerts,22.498,114.128
Oldies Concert,30 Oct 2019 (Wed) 7:00pm,2019-10-30 7:00pm,Tai Po Civic Centre (Auditorium),Cultural Presentations & Film - Pop Concerts,22.4532,114.171
Oldies Concert,31 Oct 2019 (Thu) 7:00pm,2019-10-31 7:00pm,Tai Po Civic Centre (Auditorium),Cultural Presentations & Film - Pop Concerts,22.4532,114.171
Oldies Concert,31 Oct 2019 (Thu) 7:00pm,2019-10-31 7:00pm,North District Town Hall (Auditorium),Cultural Presentations & Film - Pop Concerts,22.498,114.128
"Concert of Singing Happy Together""""",1 Nov 2019 (Fri) 7:00pm,2019-11-01 7:00pm,North District Town Hall (Auditorium),Cultural Presentations & Film - Pop Concerts,22.498,114.128
樂韻傳送2,1 November 2019 (Fri) 7:15pm,2019-11-01 7:15pm,Sheung Wan Civic Centre (Lecture Hall),Cultural Presentations & Film - Pop Concerts,22.2783,114.1747
Oldies Concert,1 Nov 2019 (Fri) 8:00pm,2019-11-01 8:00pm,Tai Po Civic Centre (Auditorium),Cultural Presentations & Film - Pop Concerts,22.4532,114.171
"Timeless Memories Joe Junior In Concert""""",1 Nov 2019 (Fri) 8:00pm,2019-11-01 8:00pm,Sha Tin Town Hall (Auditorium),Cultural Presentations & Film - Pop Concerts,22.381,114.189
Oldies Concert,2 Nov 2019 (Sat) 2:00pm,2019-11-02 2:00pm,Tai Po Civic Centre (Auditorium),Cultural Presentations & Film - Pop Concerts,22.4532,114.171
UnionPay presents Fei Yu Ching 2019 Farewell Tour - Hong Kong,2 Nov 2019 (Sat) 8:15pm,2019-11-02 8:15pm,Hong Kong Coliseum (Arena),Cultural Presentations & Film - Pop Concerts,22.3019,114.1823
Oldies Concert,4 Nov 2019 (Mon) 7:00pm,2019-11-04 7:00pm,Tai Po Civic Centre (Auditorium),Cultural Presentations & Film - Pop Concerts,22.4532,114.171
Pop Concert,4 Nov 2019 (Mon) 7:15pm,2019-11-04 7:15pm,Ngau Chi Wan Civic Centre (Theatre),Cultural Presentations & Film - Pop Concerts,22.314,114.229
Oldies Concert,5 Nov 2019 (Tue) 7:00pm,2019-11-05 7:00pm,North District Town Hall (Auditorium),Cultural Presentations & Film - Pop Concerts,22.498,114.128
Oldies Concert,"6 Nov 2019 (Wed) 2:00pm, 7:00pm",2019-11-06 14:00pm,North District Town Hall (Auditorium),Cultural Presentations & Film - Pop Concerts,22.498,114.128
寶珠群星匯,"6 November 2019 (Wed) 2:15pm, 7:15pm",2019-11-06 14:15pm,Sheung Wan Civic Centre (Lecture Hall),Cultural Presentations & Film - Pop Concerts,22.2783,114.1747
Oldies Concert,"6 Nov 2019 (Wed) 2:00pm, 7:00pm",2019-11-06 19:00pm,North District Town Hall (Auditorium),Cultural Presentations & Film - Pop Concerts,22.498,114.128
寶珠群星匯,"6 November 2019 (Wed) 2:15pm, 7:15pm",2019-11-06 19:15pm,Sheung Wan Civic Centre (Lecture Hall),Cultural Presentations & Film - Pop Concerts,22.2783,114.1747
Oldies Concert,7 Nov 2019 (Thu) 7:00pm,2019-11-07 7:00pm,Tai Po Civic Centre (Auditorium),Cultural Presentations & Film - Pop Concerts,22.4532,114.171
(Oldies Concert),7 Nov 2019 (Thu) 7:15pm,2019-11-07 7:15pm,Sha Tin Town Hall (Auditorium),Cultural Presentations & Film - Pop Concerts,22.381,114.189
Timeless Memories Joe Junior in Concert,8 November 2019 (Fri) 8pm,2019-11-08 8:00pm,Hong Kong City Hall (Concert Hall),Cultural Presentations & Film - Pop Concerts,22.2817,114.1583
"Song of Memory""""","9 Nov 2019 (Sat) 3:15pm, 7:00pm",2019-11-09 15:15pm,Tai Po Civic Centre (Black Box Theatre),Cultural Presentations & Film - Pop Concerts,22.4532,114.171
"Song of Memory""""","9 Nov 2019 (Sat) 3:15pm, 7:00pm",2019-11-09 19:00pm,Tai Po Civic Centre (Black Box Theatre),Cultural Presentations & Film - Pop Concerts,22.4532,114.171
Happy Together,9 Nov 2019 (Sat) 7:15pm,2019-11-09 7:15pm,Sai Wan Ho Civic Centre (Theatre),Cultural Presentations & Film - Pop Concerts,22.281,114.203
Oldies Concert,11 Nov 2019 (Mon) 7:00pm,2019-11-11 7:00pm,North District Town Hall (Auditorium),Cultural Presentations & Film - Pop Concerts,22.498,114.128
Date with Miranda 2019師生音樂聚會,11 November 2019 (Mon) 7:15pm,2019-11-11 7:15pm,Sheung Wan Civic Centre (Lecture Hall),Cultural Presentations & Film - Pop Concerts,22.2783,114.1747
(Oldies Concert),"12 Nov 2019 (Tue) 3:00pm, 7:00pm",2019-11-12 15:00pm,Sha Tin Town Hall (Cultural Activities Hall),Cultural Presentations & Film - Pop Concerts,22.381,114.189
(Oldies Concert),"12 Nov 2019 (Tue) 3:00pm, 7:00pm",2019-11-12 19:00pm,Sha Tin Town Hall (Cultural Activities Hall),Cultural Presentations & Film - Pop Concerts,22.381,114.189
Oldies Concert,12 Nov 2019 (Tue) 7:00pm,2019-11-12 7:00pm,North District Town Hall (Auditorium),Cultural Presentations & Film - Pop Concerts,22.498,114.128
Oldies Concert,"13 Nov 2019 (Wed) 2:00pm, 7:15pm",2019-11-13 14:00pm,Tai Po Civic Centre (Auditorium),Cultural Presentations & Film - Pop Concerts,22.4532,114.171
Oldies Concert,"13 Nov 2019 (Wed) 2:00pm, 7:15pm",2019-11-13 19:15pm,Tai Po Civic Centre (Auditorium),Cultural Presentations & Film - Pop Concerts,22.4532,114.171
(Oldies Concert),13 Nov 2019 (Wed) 7:00pm,2019-11-13 7:00pm,Sha Tin Town Hall (Cultural Activities Hall),Cultural Presentations & Film - Pop Concerts,22.381,114.189
(Oldies Concert),"14 Nov 2019 (Thu) 2:00pm, 7:00pm",2019-11-14 14:00pm,Sha Tin Town Hall (Cultural Activities Hall),Cultural Presentations & Film - Pop Concerts,22.381,114.189
(Oldies Concert),"14 Nov 2019 (Thu) 2:00pm, 7:00pm",2019-11-14 19:00pm,Sha Tin Town Hall (Cultural Activities Hall),Cultural Presentations & Film - Pop Concerts,22.381,114.189
(Oldies Concert),15 Nov 2019 (Fri) 8:00pm,2019-11-15 8:00pm,Sha Tin Town Hall (Cultural Activities Hall),Cultural Presentations & Film - Pop Concerts,22.381,114.189
(Oldies Concert),16 Nov 2019 (Sat) 7:00pm,2019-11-16 7:00pm,Sha Tin Town Hall (Cultural Activities Hall),Cultural Presentations & Film - Pop Concerts,22.381,114.189
我是歌手勁Band演唱會,18 November 2019 (Mon) 7:15pm,2019-11-18 7:15pm,Sheung Wan Civic Centre (Theatre),Cultural Presentations & Film - Pop Concerts,22.2783,114.1747
Oldies Concert,"19 Nov 2019 (Tue) 3:00pm, 7:00pm",2019-11-19 15:00pm,Tai Po Civic Centre (Auditorium),Cultural Presentations & Film - Pop Concerts,22.4532,114.171
Oldies Concert,"19 Nov 2019 (Tue) 3:00pm, 7:00pm",2019-11-19 19:00pm,Tai Po Civic Centre (Auditorium),Cultural Presentations & Film - Pop Concerts,22.4532,114.171
經典金典會知音,19 November 2019 (Tue) 7:15pm,2019-11-19 7:15pm,Sheung Wan Civic Centre (Theatre),Cultural Presentations & Film - Pop Concerts,22.2783,114.1747
"Autumn Music Offering 2019""""",21 Nov 2019 (Thu) 7:00pm,2019-11-21 7:00pm,Sha Tin Town Hall (Cultural Activities Hall),Cultural Presentations & Film - Pop Concerts,22.381,114.189
(Oldies Concert),22 Nov 2019 (Fri) 7:15pm,2019-11-22 7:15pm,Sha Tin Town Hall (Cultural Activities Hall),Cultural Presentations & Film - Pop Concerts,22.381,114.189
Three Princes in Concert 2019 (Programme cancelled),22-24 Nov 2019 (Fri-Sun) 8:00pm (Performance time of 23-24 Nov 2019 was changed to 3pm),2019-11-22 8:00pm,Queen Elizabeth Stadium (Arena),Cultural Presentations & Film - Pop Concerts,22.2787,114.1822
WILSON presents HINS CHEUNG X HKCO (Programme cancelled),22-25 Nov 2019 (Fri-Mon) 8:15pm,2019-11-22 8:15pm,Hong Kong Coliseum (Arena),Cultural Presentations & Film - Pop Concerts,22.3019,114.1823
Oldies Concert,"23 Nov 2019 (Sat) 2:15pm, 7:15pm",2019-11-23 14:15pm,Sai Wan Ho Civic Centre (Cultural Activities Hall),Cultural Presentations & Film - Pop Concerts,22.281,114.203
Oldies Concert,"23 Nov 2019 (Sat) 2:15pm, 7:15pm",2019-11-23 19:15pm,Sai Wan Ho Civic Centre (Cultural Activities Hall),Cultural Presentations & Film - Pop Concerts,22.281,114.203
Three Princes in Concert 2019 (Programme cancelled),22-24 Nov 2019 (Fri-Sun) 8:00pm (Performance time of 23-24 Nov 2019 was changed to 3pm),2019-11-23 8:00pm,Queen Elizabeth Stadium (Arena),Cultural Presentations & Film - Pop Concerts,22.2787,114.1822
WILSON presents HINS CHEUNG X HKCO (Programme cancelled),22-25 Nov 2019 (Fri-Mon) 8:15pm,2019-11-23 8:15pm,Hong Kong Coliseum (Arena),Cultural Presentations & Film - Pop Concerts,22.3019,114.1823
Three Princes in Concert 2019 (Programme cancelled),22-24 Nov 2019 (Fri-Sun) 8:00pm (Performance time of 23-24 Nov 2019 was changed to 3pm),2019-11-24 8:00pm,Queen Elizabeth Stadium (Arena),Cultural Presentations & Film - Pop Concerts,22.2787,114.1822
WILSON presents HINS CHEUNG X HKCO (Programme cancelled),22-25 Nov 2019 (Fri-Mon) 8:15pm,2019-11-24 8:15pm,Hong Kong Coliseum (Arena),Cultural Presentations & Film - Pop Concerts,22.3019,114.1823
Singing Concert,25 Nov 2019 (Mon) 7:00pm,2019-11-25 7:00pm,North District Town Hall (Auditorium),Cultural Presentations & Film - Pop Concerts,22.498,114.128
Pop Concert,25 Nov 2019 (Mon) 7:15pm,2019-11-25 7:15pm,Ngau Chi Wan Civic Centre (Cultural Activities Hall),Cultural Presentations & Film - Pop Concerts,22.314,114.229
WILSON presents HINS CHEUNG X HKCO (Programme cancelled),22-25 Nov 2019 (Fri-Mon) 8:15pm,2019-11-25 8:15pm,Hong Kong Coliseum (Arena),Cultural Presentations & Film - Pop Concerts,22.3019,114.1823
Oldies Concert,28 Nov 2019 (Thu) 7:15pm,2019-11-28 7:15pm,North District Town Hall (Auditorium),Cultural Presentations & Film - Pop Concerts,22.498,114.128
"(Matinee) WF Lee-Techer & Student Autumn Concert"" (Evening) ""Soul of The Yellow River Concert""""","30 Nov 2019 (Sat) 2:00pm, 7:15pm",2019-11-30 14:00pm,North District Town Hall (Auditorium),Cultural Presentations & Film - Pop Concerts,22.498,114.128
"(Matinee) WF Lee-Techer & Student Autumn Concert"" (Evening) ""Soul of The Yellow River Concert""""","30 Nov 2019 (Sat) 2:00pm, 7:15pm",2019-11-30 19:15pm,North District Town Hall (Auditorium),Cultural Presentations & Film - Pop Concerts,22.498,114.128
Oldies Concert,30 Nov 2019 (Sat) 7:15pm,2019-11-30 7:15pm,Sai Wan Ho Civic Centre (Cultural Activities Hall),Cultural Presentations & Film - Pop Concerts,22.281,114.203
(Oldies Concert),"1 Dec 2019 (Sun) 3:00pm, 7:15pm",2019-12-01 15:00pm,Tai Po Civic Centre (Black Box Theatre),Cultural Presentations & Film - Pop Concerts,22.4532,114.171
(Oldies Concert),"1 Dec 2019 (Sun) 3:00pm, 7:15pm",2019-12-01 19:15pm,Tai Po Civic Centre (Black Box Theatre),Cultural Presentations & Film - Pop Concerts,22.4532,114.171
(Oldies Concert),"2 Dec 2019 (Mon) 2:00pm, 7:00pm",2019-12-02 2:00pm,Tai Po Civic Centre (Black Box Theatre),Cultural Presentations & Film - Pop Concerts,22.4532,114.171
(Oldies Concert),2 Dec 2019 (Mon) 7:00pm,2019-12-02 7:00pm,Tai Po Civic Centre (Auditorium),Cultural Presentations & Film - Pop Concerts,22.4532,114.171
"Rose Ko and friends Concert""""",3 Dec 2019 (Tue) 7:15pm,2019-12-03 7:15pm,Tai Po Civic Centre (Auditorium),Cultural Presentations & Film - Pop Concerts,22.4532,114.171
Good Songs For You 2019 Concert,"5 Dec 2019 (Thu) 2:15pm, 7:15pm",2019-12-05 14:15pm,Sai Wan Ho Civic Centre (Theatre),Cultural Presentations & Film - Pop Concerts,22.281,114.203
"Song of Memory""""","5 Dec 2019 (Thu) 3:15pm, 7:00pm",2019-12-05 15:15pm,Tai Po Civic Centre (Black Box Theatre),Cultural Presentations & Film - Pop Concerts,22.4532,114.171
"Song of Memory""""","5 Dec 2019 (Thu) 3:15pm, 7:00pm",2019-12-05 19:00pm,Tai Po Civic Centre (Black Box Theatre),Cultural Presentations & Film - Pop Concerts,22.4532,114.171
Good Songs For You 2019 Concert,"5 Dec 2019 (Thu) 2:15pm, 7:15pm",2019-12-05 19:15pm,Sai Wan Ho Civic Centre (Theatre),Cultural Presentations & Film - Pop Concerts,22.281,114.203
(Oldies Concert),"8 Dec 2019 (Sun) 3:00pm, 7:15pm",2019-12-08 15:00pm,Tai Po Civic Centre (Auditorium),Cultural Presentations & Film - Pop Concerts,22.4532,114.171
(Oldies Concert),"8 Dec 2019 (Sun) 3:00pm, 7:15pm",2019-12-08 19:15pm,Tai Po Civic Centre (Auditorium),Cultural Presentations & Film - Pop Concerts,22.4532,114.171
星星匯,"09 Dec 2019 (Mon) 2:15pm, 7:15pm",2019-12-09 14:15pm,Sheung Wan Civic Centre (Theatre),Cultural Presentations & Film - Pop Concerts,22.2783,114.1747
星星匯,"09 Dec 2019 (Mon) 2:15pm, 7:15pm",2019-12-09 19:15pm,Sheung Wan Civic Centre (Theatre),Cultural Presentations & Film - Pop Concerts,22.2783,114.1747
"Song of Memory""""",9 Dec 2019 (Mon) 2:00pm,2019-12-09 2:00pm,Tai Po Civic Centre (Auditorium),Cultural Presentations & Film - Pop Concerts,22.4532,114.171
Zone Jump Zone Sing,9 Dec 2019 (Mon) 7:15pm,2019-12-09 7:15pm,Sai Wan Ho Civic Centre (Theatre),Cultural Presentations & Film - Pop Concerts,22.281,114.203
(Oldies Concert),"10 Dec 2019 (Tue) 3:00pm, 7:00pm",2019-12-10 15:00pm,Tai Po Civic Centre (Auditorium),Cultural Presentations & Film - Pop Concerts,22.4532,114.171
(Oldies Concert),"10 Dec 2019 (Tue) 3:00pm, 7:00pm",2019-12-10 19:00pm,Tai Po Civic Centre (Auditorium),Cultural Presentations & Film - Pop Concerts,22.4532,114.171
Cantonese Operatic Songs Concert,11 Dec 2019 (Wed) 2:30pm,2019-12-11 2:30pm,Ngau Chi Wan Civic Centre (Theatre),Cultural Presentations & Film - Pop Concerts,22.314,114.229
樂韻傾情演唱會,12 December 2019 (Thur) 7:15pm,2019-12-12 7:15pm,Sheung Wan Civic Centre (Lecture Hall),Cultural Presentations & Film - Pop Concerts,22.2783,114.1747
Pop Concert,12 Dec 2019 (Thu) 7:15pm,2019-12-12 7:15pm,Ngau Chi Wan Civic Centre (Theatre),Cultural Presentations & Film - Pop Concerts,22.314,114.229
Wong Tai Sin Youth Singing Contest (Final),"14 Dec 2019 (Sat) 2:30pm, 7:30pm",2019-12-14 14:30pm,Ngau Chi Wan Civic Centre (Theatre),Cultural Presentations & Film - Pop Concerts,22.314,114.229
Wong Tai Sin Youth Singing Contest (Final),"14 Dec 2019 (Sat) 2:30pm, 7:30pm",2019-12-14 19:30pm,Ngau Chi Wan Civic Centre (Theatre),Cultural Presentations & Film - Pop Concerts,22.314,114.229
(Oldies Concert),14 Dec 2019 (Sat) 2:00pm,2019-12-14 2:00pm,Tai Po Civic Centre (Auditorium),Cultural Presentations & Film - Pop Concerts,22.4532,114.171
Joyful Musical Moment Mini Concert,14 Dec 2019 (Sat) 3:30pm,2019-12-14 3:30pm,Sai Wan Ho Civic Centre (Cultural Activities Hall),Cultural Presentations & Film - Pop Concerts,22.281,114.203
Singing Performance,15 Dec 2019 (Sun) 3:00pm,2019-12-15 3:00pm,Sai Wan Ho Civic Centre (Cultural Activities Hall),Cultural Presentations & Film - Pop Concerts,22.281,114.203
(Oldies Concert),15 Dec 2019 (Sun) 7:00pm,2019-12-15 7:00pm,Sha Tin Town Hall (Auditorium),Cultural Presentations & Film - Pop Concerts,22.381,114.189
Various Artists Festival,"16 Dec 2019 (Mon) 2:15pm, 7:15pm",2019-12-16 14:15pm,Sai Wan Ho Civic Centre (Cultural Activities Hall),Cultural Presentations & Film - Pop Concerts,22.281,114.203
Various Artists Festival,"16 Dec 2019 (Mon) 2:15pm, 7:15pm",2019-12-16 19:15pm,Sai Wan Ho Civic Centre (Cultural Activities Hall),Cultural Presentations & Film - Pop Concerts,22.281,114.203
寶珠群星匯,"18 December 2019 (Wed) 2:15pm, 7:15pm",2019-12-18 14:15pm,Sheung Wan Civic Centre (Lecture Hall),Cultural Presentations & Film - Pop Concerts,22.2783,114.1747
寶珠群星匯,"18 December 2019 (Wed) 2:15pm, 7:15pm",2019-12-18 19:15pm,Sheung Wan Civic Centre (Lecture Hall),Cultural Presentations & Film - Pop Concerts,22.2783,114.1747
Pop Concert,18 Dec 2019 (Wed) 7:15pm,2019-12-18 7:15pm,Sai Wan Ho Civic Centre (Theatre),Cultural Presentations & Film - Pop Concerts,22.281,114.203
(Oldies Concert),19 Dec 2019 (Thu) 7:00pm,2019-12-19 7:00pm,Tai Po Civic Centre (Auditorium),Cultural Presentations & Film - Pop Concerts,22.4532,114.171
大狀好友齊唱金曲夜,20 December 2019 (Fri) 7:15pm,2019-12-20 7:15pm,Sheung Wan Civic Centre (Lecture Hall),Cultural Presentations & Film - Pop Concerts,22.2783,114.1747
Ng X'mas Concert 2019,22 Dec 2019 (Sun) 2:30pm,2019-12-22 2:30pm,Sai Wan Ho Civic Centre (Cultural Activities Hall),Cultural Presentations & Film - Pop Concerts,22.281,114.203
(Oldies Concert),23 Dec 2019 (Mon) 7:00pm,2019-12-23 7:00pm,Tai Po Civic Centre (Auditorium),Cultural Presentations & Film - Pop Concerts,22.4532,114.171
"O Wind Ensemble Annual Concert - Cazadores Luna""""",23 Dec 2019 (Mon) 8:00pm,2019-12-23 8:00pm,Sha Tin Town Hall (Auditorium),Cultural Presentations & Film - Pop Concerts,22.381,114.189
(Oldies Concert),24 Dec 2019 (Tue) 7:00pm,2019-12-24 7:00pm,Tai Po Civic Centre (Auditorium),Cultural Presentations & Film - Pop Concerts,22.4532,114.171
Saviour Elvis In Concert,24 December 2019 (Tue) 8pm,2019-12-24 8:00pm,Sheung Wan Civic Centre (Lecture Hall),Cultural Presentations & Film - Pop Concerts,22.2783,114.1747
(Oldies Concert),"25 Dec 2019 (Wed) 2:15pm, 7:15pm",2019-12-25 14:15pm,Tai Po Civic Centre (Black Box Theatre),Cultural Presentations & Film - Pop Concerts,22.4532,114.171
(Oldies Concert),"25 Dec 2019 (Wed) 2:15pm, 7:15pm",2019-12-25 19:15pm,Tai Po Civic Centre (Black Box Theatre),Cultural Presentations & Film - Pop Concerts,22.4532,114.171
"Singing Concert""""",25 Dec 2019 (Wed) 7:00pm,2019-12-25 7:00pm,Tai Po Civic Centre (Auditorium),Cultural Presentations & Film - Pop Concerts,22.4532,114.171
悠揚樂韻好友音樂會,27 December 2019 (Fri) 7:15pm,2019-12-27 7:15pm,Sheung Wan Civic Centre (Lecture Hall),Cultural Presentations & Film - Pop Concerts,22.2783,114.1747
(Oldies Concert),29 Dec 2019 (Sun) 7:00pm,2019-12-29 7:00pm,Tai Po Civic Centre (Auditorium),Cultural Presentations & Film - Pop Concerts,22.4532,114.171
FWD Fear And Dreams Eason Chan In Concert 19/20 (Programme cancelled),"9-12, 14-17, 19-22, 24-27, 29-30, 31 December 2019 (9:30pm), 1 January 2020",2019-12-31 9:30pm,Hong Kong Coliseum (Arena),Cultural Presentations & Film - Pop Concerts,22.3019,114.1823
Concert,25/07/2019 (Thur) 19:15,25/07/2019 (Thur) 19:15,Yuen Long Theatre (Auditorium),Cultural Presentations & Film - Pop Concerts,22.445,114.034
Charm Hong Kong 20th Century —ERIC LEE POP ERHU ERAS Vol.6,29/04/2019 (Mon) 19:45,29/04/2019 (Mon) 19:45,Hong Kong Cultural Centre (Concert Hall),Cultural Presentations & Film - Pop Concerts,22.2947,114.1685
